# Blender 5.2.0 LTS
# www.blender.org
mtllib termoEscalaV2.mtl
o Cilindro
v 0.081393 -0.024769 -0.152951
v 0.098684 -0.025104 -0.152567
v 0.114505 -0.025758 -0.145603
v 0.126448 -0.026632 -0.133119
v 0.132694 -0.027592 -0.117017
v 0.132293 -0.028493 -0.099746
v 0.125305 -0.029196 -0.083938
v 0.112795 -0.029596 -0.071997
v 0.096667 -0.029631 -0.065743
v 0.079376 -0.029296 -0.066128
v 0.063555 -0.028642 -0.073092
v 0.051612 -0.027768 -0.085575
v 0.045366 -0.026808 -0.101678
v 0.045767 -0.025907 -0.118948
v 0.050606 0.239697 -0.104715
v 0.052755 -0.025203 -0.134757
v 0.057583 0.240424 -0.120469
v 0.065265 -0.024804 -0.146697
v 0.114379 -0.007848 -0.068985
v 0.113983 -0.029716 -0.070131
v 0.127513 -0.007427 -0.081523
v 0.127118 -0.029296 -0.082668
v 0.134850 -0.006686 -0.098122
v 0.134455 -0.028557 -0.099267
v 0.135271 -0.005738 -0.116255
v 0.134876 -0.027612 -0.117400
v 0.128715 -0.004727 -0.133162
v 0.128318 -0.026603 -0.134307
v 0.116174 -0.003808 -0.146269
v 0.115778 -0.025686 -0.147415
v 0.099562 -0.003120 -0.153580
v 0.099166 -0.024999 -0.154727
v 0.081011 -0.024647 -0.155130
v 0.089290 0.237360 -0.074471
v 0.089103 0.227294 -0.075076
v 0.081393 -0.024769 -0.152951
v 0.098684 -0.025104 -0.152567
v 0.099080 -0.003225 -0.151420
v 0.114505 -0.025758 -0.145603
v 0.114901 -0.003880 -0.144457
v 0.126448 -0.026632 -0.133119
v 0.126845 -0.004756 -0.131974
v 0.132694 -0.027592 -0.117017
v 0.133089 -0.005719 -0.115872
v 0.132293 -0.028493 -0.099746
v 0.132687 -0.006622 -0.098602
v 0.125305 -0.029196 -0.083938
v 0.125701 -0.007327 -0.082793
v 0.112795 -0.029596 -0.071997
v 0.113191 -0.007728 -0.070852
v 0.096667 -0.029631 -0.065743
v 0.097062 -0.007762 -0.064596
v 0.079376 -0.029296 -0.066128
v 0.079770 -0.007423 -0.064978
v 0.063555 -0.028642 -0.073092
v 0.063951 -0.006769 -0.071942
v 0.051612 -0.027768 -0.085575
v 0.089103 0.227294 -0.075076
v 0.045366 -0.026808 -0.101678
v 0.033511 0.117146 -0.087863
v 0.045767 -0.025907 -0.118948
v 0.033511 0.117146 -0.087863
v 0.052755 -0.025203 -0.134757
v 0.107755 0.231383 -0.104286
v 0.065265 -0.024804 -0.146697
v 0.107755 0.231383 -0.104286
v 0.097049 -0.029753 -0.063564
v 0.097444 -0.007883 -0.062417
v 0.078894 -0.029401 -0.063968
v 0.079288 -0.007528 -0.062818
v 0.062282 -0.028714 -0.071280
v 0.064077 -0.024684 -0.148564
v 0.049742 -0.027796 -0.084387
v 0.050141 -0.005924 -0.083238
v 0.043184 -0.026788 -0.101295
v 0.050942 -0.025104 -0.136027
v 0.043605 -0.025843 -0.119428
v 0.043605 -0.025843 -0.119428
v 0.050942 -0.025104 -0.136027
v 0.043184 -0.026788 -0.101295
v 0.064077 -0.024684 -0.148564
v 0.062282 -0.028714 -0.071280
v 0.082546 0.239559 -0.112807
v 0.082364 0.229482 -0.113413
v 0.090037 0.229506 -0.116353
v 0.090219 0.239584 -0.115746
v 0.098266 0.229350 -0.116136
v 0.098448 0.239428 -0.115527
v 0.105798 0.229035 -0.112794
v 0.105980 0.239112 -0.112185
v 0.111487 0.228609 -0.106837
v 0.111670 0.238684 -0.106227
v 0.114467 0.228137 -0.099169
v 0.114651 0.238209 -0.098560
v 0.114283 0.227692 -0.090958
v 0.114468 0.237762 -0.090350
v 0.110963 0.227343 -0.083454
v 0.111150 0.237412 -0.082846
v 0.105012 0.227146 -0.077800
v 0.105199 0.237213 -0.077194
v 0.097335 0.227129 -0.074858
v 0.097523 0.237195 -0.074252
v 0.089103 0.227294 -0.075076
v 0.089290 0.237360 -0.074471
v 0.081569 0.227613 -0.078420
v 0.081755 0.237680 -0.077816
v 0.075881 0.228037 -0.084382
v 0.076066 0.238106 -0.083778
v 0.072904 0.228502 -0.092052
v 0.073089 0.238573 -0.091448
v 0.073091 0.228939 -0.100262
v 0.073275 0.239013 -0.099658
v 0.076413 0.229283 -0.107763
v 0.076596 0.239359 -0.107158
v 0.098472 0.239433 -0.115636
v 0.090200 0.239591 -0.115855
v 0.106045 0.239116 -0.112276
v 0.111765 0.238686 -0.106287
v 0.114762 0.238208 -0.098579
v 0.114578 0.237759 -0.090325
v 0.111242 0.237407 -0.082782
v 0.105259 0.237207 -0.077099
v 0.097542 0.237189 -0.074142
v 0.089265 0.237355 -0.074362
v 0.081691 0.237676 -0.077725
v 0.075972 0.238105 -0.083718
v 0.072978 0.238574 -0.091429
v 0.073165 0.239016 -0.099682
v 0.076504 0.239364 -0.107222
v 0.082486 0.239566 -0.112901
v 0.114973 0.223992 -0.091004
v 0.120953 0.186860 -0.091601
v 0.111531 0.223631 -0.083224
v 0.116438 0.186390 -0.081390
v 0.105361 0.223427 -0.077362
v 0.108346 0.186126 -0.073695
v 0.097402 0.223410 -0.074311
v 0.097903 0.186109 -0.069686
v 0.088866 0.223581 -0.074536
v 0.086706 0.186334 -0.069973
v 0.100299 0.168659 -0.055204
v 0.076461 0.186766 -0.074515
v 0.064684 0.187961 -0.093049
v 0.100299 0.168659 -0.055204
v 0.110102 0.231012 -0.098248
v 0.068728 0.187337 -0.082619
v 0.083505 0.225679 -0.111735
v 0.083572 0.229358 -0.111518
v 0.090427 0.229379 -0.114144
v 0.090360 0.225700 -0.114362
v 0.078189 0.225502 -0.106687
v 0.078256 0.229180 -0.106470
v 0.097778 0.229239 -0.113950
v 0.097711 0.225560 -0.114168
v 0.104507 0.228958 -0.110965
v 0.104440 0.225279 -0.111183
v 0.109589 0.228577 -0.105642
v 0.109522 0.224899 -0.105861
v 0.112251 0.228156 -0.098792
v 0.112184 0.224478 -0.099011
v 0.112086 0.227759 -0.091457
v 0.112019 0.224082 -0.091676
v 0.109120 0.227448 -0.084754
v 0.109053 0.223772 -0.084972
v 0.103804 0.227272 -0.079703
v 0.103736 0.223596 -0.079921
v 0.096946 0.227256 -0.077075
v 0.096878 0.223581 -0.077292
v 0.089592 0.227403 -0.077270
v 0.089524 0.223727 -0.077487
v 0.082861 0.227688 -0.080257
v 0.082794 0.224012 -0.080474
v 0.077780 0.228067 -0.085583
v 0.077712 0.224390 -0.085799
v 0.075121 0.228482 -0.092435
v 0.075053 0.224805 -0.092651
v 0.075288 0.228873 -0.099769
v 0.075221 0.225195 -0.099986
v 0.124891 0.171655 -0.119169
v 0.125193 0.188237 -0.118257
v 0.114586 0.172422 -0.129951
v 0.114888 0.189005 -0.129042
v 0.100944 0.172985 -0.135989
v 0.101246 0.189569 -0.135084
v 0.110102 0.231012 -0.098248
v 0.065265 -0.024804 -0.146697
v 0.082999 0.169011 -0.055636
v 0.082999 0.169011 -0.055636
v 0.052755 -0.025203 -0.134757
v 0.109957 0.230662 -0.091783
v 0.109957 0.230662 -0.091783
v 0.045767 -0.025907 -0.118948
v 0.107342 0.230388 -0.085875
v 0.107342 0.230388 -0.085875
v 0.121204 0.187461 -0.102769
v 0.115164 0.224452 -0.099517
v 0.117153 0.188099 -0.113194
v 0.112075 0.224942 -0.107467
v 0.109419 0.188674 -0.121291
v 0.106176 0.225383 -0.113643
v 0.099179 0.189098 -0.125828
v 0.098368 0.225709 -0.117107
v 0.087990 0.189308 -0.126116
v 0.045366 -0.026808 -0.101678
v 0.064942 0.188547 -0.104217
v 0.050141 -0.005924 -0.083238
v 0.049742 -0.027796 -0.084387
v 0.069462 0.189008 -0.114421
v 0.051612 -0.027768 -0.085575
v 0.077556 0.189275 -0.122111
v 0.137853 0.169753 -0.088630
v 0.055226 0.170556 -0.075135
v 0.137510 0.151087 -0.089658
v 0.067171 0.169678 -0.062635
v 0.130566 0.168991 -0.072156
v 0.082999 0.169011 -0.055636
v 0.130222 0.150326 -0.073177
v 0.100299 0.168659 -0.055204
v 0.117501 0.168567 -0.059730
v 0.116435 0.168679 -0.061407
v 0.117155 0.149902 -0.060744
v 0.128940 0.169084 -0.073300
v 0.100642 0.168547 -0.053249
v 0.135916 0.169813 -0.089068
v 0.100298 0.149882 -0.054255
v 0.136300 0.170750 -0.106309
v 0.082567 0.168916 -0.053700
v 0.130038 0.171745 -0.122413
v 0.082224 0.150251 -0.054700
v 0.118087 0.172637 -0.134914
v 0.066031 0.169613 -0.061013
v 0.102267 0.173290 -0.141915
v 0.048978 0.171519 -0.091249
v 0.065689 0.150946 -0.062009
v 0.049379 0.172420 -0.108503
v 0.046684 0.152866 -0.091889
v 0.056363 0.173132 -0.124271
v 0.067171 0.169678 -0.062635
v 0.053551 0.170531 -0.074071
v 0.084984 0.173608 -0.142350
v 0.068865 0.173550 -0.136156
v 0.053210 0.151863 -0.075065
v 0.130592 0.187382 -0.104369
v 0.130289 0.170801 -0.105282
v 0.130261 0.186574 -0.089490
v 0.129956 0.169996 -0.090414
v 0.124247 0.185946 -0.075892
v 0.123941 0.169370 -0.076818
v 0.113465 0.185595 -0.065643
v 0.113158 0.169020 -0.066564
v 0.099551 0.185574 -0.060300
v 0.099244 0.169001 -0.061216
v 0.084633 0.185877 -0.060676
v 0.084327 0.169303 -0.061589
v 0.067171 0.169678 -0.062635
v 0.063555 -0.028642 -0.073092
v 0.079288 -0.007528 -0.062818
v 0.078894 -0.029401 -0.063968
v 0.068865 0.173550 -0.136156
v 0.068525 0.154881 -0.137150
v 0.056363 0.173132 -0.124271
v 0.056023 0.154463 -0.125259
v 0.049379 0.172420 -0.108503
v 0.049039 0.153751 -0.109487
v 0.084643 0.154939 -0.143353
v 0.084984 0.173608 -0.142350
v 0.101926 0.154622 -0.142925
v 0.102267 0.173290 -0.141915
v 0.117746 0.153969 -0.135931
v 0.118087 0.172637 -0.134914
v 0.129697 0.153078 -0.123433
v 0.130038 0.171745 -0.122413
v 0.135958 0.152083 -0.107339
v 0.136300 0.170750 -0.106309
v 0.135573 0.151147 -0.090095
v 0.135916 0.169813 -0.089068
v 0.128596 0.150419 -0.074320
v 0.128940 0.169084 -0.073300
v 0.116090 0.150014 -0.062420
v 0.116435 0.168679 -0.061407
v 0.099955 0.149993 -0.056210
v 0.100299 0.168659 -0.055204
v 0.082656 0.150345 -0.056636
v 0.082999 0.169011 -0.055636
v 0.066829 0.151011 -0.063631
v 0.067171 0.169678 -0.062635
v 0.048978 0.171519 -0.091249
v 0.048638 0.152849 -0.092231
v 0.054885 0.151888 -0.076128
v 0.055226 0.170556 -0.075135
v 0.137912 0.152067 -0.107674
v 0.138254 0.170734 -0.106643
v 0.131370 0.153108 -0.124489
v 0.131711 0.171775 -0.123467
v 0.118884 0.154040 -0.137546
v 0.119225 0.172708 -0.136528
v 0.102355 0.154721 -0.144852
v 0.102696 0.173389 -0.143840
v 0.084299 0.155052 -0.145298
v 0.079376 -0.029296 -0.066128
v 0.097444 -0.007883 -0.062417
v 0.047102 0.153808 -0.109917
v 0.097049 -0.029753 -0.063564
v 0.054399 0.154553 -0.126395
v 0.096667 -0.029631 -0.065743
v 0.067460 0.154990 -0.138818
v 0.114379 -0.007848 -0.068985
v 0.087426 0.204879 -0.070655
v 0.097940 0.204667 -0.070380
v 0.107744 0.204686 -0.074142
v 0.115345 0.204935 -0.081366
v 0.119585 0.205377 -0.090952
v 0.119820 0.205943 -0.101439
v 0.116015 0.206544 -0.111230
v 0.108751 0.207085 -0.118836
v 0.099134 0.207484 -0.123099
v 0.113983 -0.029716 -0.070131
v 0.112795 -0.029596 -0.071997
v 0.127513 -0.007427 -0.081523
v 0.127118 -0.029296 -0.082668
v 0.125305 -0.029196 -0.083938
v 0.134850 -0.006686 -0.098122
v 0.097475 0.239206 -0.111172
v 0.090995 0.239330 -0.111344
v 0.103407 0.238957 -0.108540
v 0.134455 -0.028557 -0.099267
v 0.132293 -0.028493 -0.099746
v 0.135271 -0.005738 -0.116255
v 0.134876 -0.027612 -0.117400
v 0.132694 -0.027592 -0.117017
v 0.128715 -0.004727 -0.133162
v 0.090264 0.237579 -0.078843
v 0.084331 0.237831 -0.081477
v 0.079851 0.238166 -0.086171
v 0.077506 0.238534 -0.092210
v 0.077653 0.238881 -0.098675
v 0.080268 0.239153 -0.104581
v 0.084953 0.239311 -0.109029
v 0.097344 0.231967 -0.111610
v 0.090865 0.232091 -0.111781
v 0.103275 0.231719 -0.108978
v 0.107755 0.231383 -0.104286
v 0.110102 0.231012 -0.098248
v 0.109957 0.230662 -0.091783
v 0.107342 0.230388 -0.085875
v 0.102656 0.230232 -0.081423
v 0.096612 0.230218 -0.079107
v 0.090130 0.230347 -0.079279
v 0.084197 0.230598 -0.081913
v 0.079718 0.230932 -0.086607
v 0.077374 0.231300 -0.092646
v 0.077521 0.231644 -0.099111
v 0.080136 0.231916 -0.105017
v 0.084822 0.232073 -0.109466
v 0.079770 -0.007423 -0.064978
v 0.063951 -0.006769 -0.071942
v 0.066829 0.151011 -0.063631
v 0.082656 0.150345 -0.056636
v 0.042760 -0.027811 -0.081680
v 0.043159 -0.005939 -0.080530
v 0.036202 -0.026803 -0.098587
v 0.036600 -0.004931 -0.097438
v 0.046569 0.170516 -0.071366
v 0.128318 -0.026603 -0.134307
v 0.039702 0.152851 -0.089183
v 0.046228 0.151848 -0.072360
v 0.036581 -0.027825 -0.079284
v 0.036980 -0.005952 -0.078134
v 0.030023 -0.026817 -0.096191
v 0.030421 -0.004944 -0.095042
v 0.040390 0.170502 -0.068969
v 0.126448 -0.026632 -0.133119
v 0.033523 0.152838 -0.086787
v 0.040049 0.151834 -0.069962
v 0.033964 0.011187 -0.075301
v 0.032473 0.028505 -0.073343
v 0.031976 0.045939 -0.071954
v 0.032063 0.063441 -0.070901
v 0.032403 0.080973 -0.069992
v 0.032999 0.098534 -0.069230
v 0.034177 0.116164 -0.068802
v 0.036349 0.133910 -0.068944
v 0.116174 -0.003808 -0.146269
v 0.114505 -0.025758 -0.145603
v 0.099562 -0.003120 -0.153580
v 0.081011 -0.024647 -0.155130
v 0.099166 -0.024999 -0.154727
v 0.098684 -0.025104 -0.152567
v 0.081393 -0.024769 -0.152951
v 0.040143 0.011201 -0.077697
v 0.038652 0.028518 -0.075739
v 0.038155 0.045952 -0.074351
v 0.038241 0.063454 -0.073297
v 0.038582 0.080986 -0.072389
v 0.039178 0.098548 -0.071627
v 0.040356 0.116178 -0.071199
v 0.042528 0.133923 -0.071341
v 0.033123 0.012154 -0.094329
v 0.031788 0.029489 -0.092449
v 0.031337 0.046927 -0.091075
v 0.031438 0.064430 -0.090018
v 0.031782 0.081961 -0.089101
v 0.032371 0.099521 -0.088324
v 0.033511 0.117146 -0.087863
v 0.035535 0.134873 -0.087909
v 0.099166 -0.024999 -0.154727
v 0.081011 -0.024647 -0.155130
v 0.099562 -0.003120 -0.153580
v 0.078894 -0.029401 -0.063968
v 0.079288 -0.007528 -0.062818
v 0.062282 -0.028714 -0.071280
v 0.062677 -0.006841 -0.070130
v 0.049742 -0.027796 -0.084387
v 0.050141 -0.005924 -0.083238
v 0.043184 -0.026788 -0.101295
v 0.043582 -0.004915 -0.100145
v 0.043605 -0.025843 -0.119428
v 0.044003 -0.003968 -0.118279
v 0.050942 -0.025104 -0.136027
v 0.051338 -0.003227 -0.134878
v 0.064473 -0.002806 -0.147415
v 0.081407 -0.002768 -0.153983
v 0.064077 -0.024684 -0.148564
v 0.097444 -0.007883 -0.062417
v 0.116174 -0.003808 -0.146269
v 0.081789 -0.002890 -0.151804
v 0.065661 -0.002926 -0.145549
v 0.114901 -0.003880 -0.144457
v 0.052011 -0.005896 -0.084426
v 0.053151 -0.003327 -0.133608
v 0.046165 -0.004033 -0.117799
v 0.045764 -0.004935 -0.100528
v 0.097062 -0.007762 -0.064596
v 0.063951 -0.006769 -0.071942
v 0.079770 -0.007423 -0.064978
v 0.099080 -0.003225 -0.151420
v 0.077804 0.205285 -0.074924
v 0.081056 0.223911 -0.078004
v 0.087426 0.204879 -0.070655
v 0.088866 0.223581 -0.074536
v 0.099134 0.207484 -0.123099
v 0.098368 0.225709 -0.117107
v 0.088627 0.207682 -0.123373
v 0.089837 0.225871 -0.117332
v 0.066984 0.206964 -0.102817
v 0.072267 0.225284 -0.100649
v 0.077556 0.189275 -0.122111
v 0.069462 0.189008 -0.114421
v 0.064942 0.188547 -0.104217
v 0.064684 0.187961 -0.093049
v 0.072073 0.224832 -0.092136
v 0.076413 0.229283 -0.107763
v 0.076596 0.239359 -0.107158
v 0.082546 0.239559 -0.112807
v 0.082364 0.229482 -0.113413
v 0.073091 0.228939 -0.100262
v 0.073275 0.239013 -0.099658
v 0.072904 0.228502 -0.092052
v 0.073089 0.238573 -0.091448
v 0.075881 0.228037 -0.084382
v 0.076066 0.238106 -0.083778
v 0.081569 0.227613 -0.078420
v 0.081755 0.237680 -0.077816
v 0.089103 0.227294 -0.075076
v 0.089290 0.237360 -0.074471
v 0.098266 0.229350 -0.116136
v 0.098448 0.239428 -0.115527
v 0.090037 0.229506 -0.116353
v 0.090219 0.239584 -0.115746
v 0.097475 0.239206 -0.111172
v 0.090995 0.239330 -0.111344
v 0.103407 0.238957 -0.108540
v 0.107887 0.238620 -0.103848
v 0.110234 0.238247 -0.097810
v 0.110090 0.237896 -0.091345
v 0.107476 0.237621 -0.085437
v 0.102790 0.237464 -0.080987
v 0.096746 0.237450 -0.078671
v 0.090264 0.237579 -0.078843
v 0.084331 0.237831 -0.081477
v 0.079851 0.238166 -0.086171
v 0.077506 0.238534 -0.092210
v 0.077653 0.238881 -0.098675
v 0.080268 0.239153 -0.104581
v 0.084953 0.239311 -0.109029
v 0.061359 0.172856 -0.120775
v 0.061660 0.189439 -0.119887
v 0.055336 0.172242 -0.107178
v 0.055638 0.188825 -0.106293
v 0.054991 0.171464 -0.092299
v 0.055293 0.188046 -0.091415
v 0.086342 0.189845 -0.135466
v 0.101246 0.189569 -0.135084
v 0.114888 0.189005 -0.129042
v 0.125193 0.188237 -0.118257
v 0.130592 0.187382 -0.104369
v 0.130261 0.186574 -0.089490
v 0.124247 0.185946 -0.075892
v 0.113465 0.185595 -0.065643
v 0.099551 0.185574 -0.060300
v 0.084633 0.185877 -0.060676
v 0.075158 0.224350 -0.084184
v 0.068728 0.187337 -0.082619
v 0.087990 0.189308 -0.126116
v 0.078828 0.207651 -0.119615
v 0.076461 0.186766 -0.074515
v 0.071228 0.207399 -0.112397
v 0.086706 0.186334 -0.069973
v 0.099179 0.189098 -0.125828
v 0.115164 0.224452 -0.099517
v 0.114973 0.223992 -0.091004
v 0.111531 0.223631 -0.083224
v 0.112075 0.224942 -0.107467
v 0.105361 0.223427 -0.077362
v 0.106176 0.225383 -0.113643
v 0.097402 0.223410 -0.074311
v 0.066742 0.206412 -0.092331
v 0.075712 0.225640 -0.108425
v 0.081881 0.225846 -0.114283
v 0.070541 0.205823 -0.082536
v 0.083505 0.225679 -0.111735
v 0.083572 0.229358 -0.111518
v 0.090427 0.229379 -0.114144
v 0.090360 0.225700 -0.114362
v 0.078189 0.225502 -0.106687
v 0.078256 0.229180 -0.106470
v 0.097778 0.229239 -0.113950
v 0.097711 0.225560 -0.114168
v 0.089592 0.227403 -0.077270
v 0.089524 0.223727 -0.077487
v 0.082861 0.227688 -0.080257
v 0.082794 0.224012 -0.080474
v 0.077780 0.228067 -0.085583
v 0.077712 0.224390 -0.085799
v 0.075121 0.228482 -0.092435
v 0.075053 0.224805 -0.092651
v 0.075288 0.228873 -0.099769
v 0.075221 0.225195 -0.099986
v 0.065689 0.150946 -0.062009
v 0.066031 0.169613 -0.061013
v 0.070984 0.186454 -0.066722
v 0.082224 0.150251 -0.054700
v 0.082567 0.168916 -0.053700
v 0.060681 0.187215 -0.077519
v 0.060378 0.170634 -0.078404
v 0.102355 0.154721 -0.144852
v 0.102696 0.173389 -0.143840
v 0.084299 0.155052 -0.145298
v 0.084640 0.173721 -0.144295
v 0.047024 0.171536 -0.090907
v 0.047442 0.172478 -0.108934
v 0.054739 0.173222 -0.125407
v 0.067801 0.173659 -0.137823
v 0.067460 0.154990 -0.138818
v 0.070679 0.169877 -0.067624
v 0.084327 0.169303 -0.061589
v 0.072442 0.189798 -0.130130
v 0.086040 0.173261 -0.136365
v 0.072140 0.173214 -0.131024
v 0.099244 0.169001 -0.061216
v 0.113158 0.169020 -0.066564
v 0.100944 0.172985 -0.135989
v 0.114586 0.172422 -0.129951
v 0.055226 0.170556 -0.075135
v 0.084984 0.173608 -0.142350
v 0.068865 0.173550 -0.136156
v 0.118087 0.172637 -0.134914
v 0.056363 0.173132 -0.124271
v 0.102267 0.173290 -0.141915
v 0.049379 0.172420 -0.108503
v 0.048978 0.171519 -0.091249
v 0.100299 0.168659 -0.055204
v 0.116435 0.168679 -0.061407
v 0.082999 0.169011 -0.055636
v 0.067171 0.169678 -0.062635
v 0.054399 0.154553 -0.126395
v 0.047102 0.153808 -0.109917
v 0.053551 0.170531 -0.074071
v 0.046684 0.152866 -0.091889
v 0.053210 0.151863 -0.075065
v 0.119225 0.172708 -0.136528
v 0.131711 0.171775 -0.123467
v 0.117501 0.168567 -0.059730
v 0.100642 0.168547 -0.053249
v 0.055226 0.170556 -0.075135
v 0.048978 0.171519 -0.091249
v 0.068865 0.173550 -0.136156
v 0.048638 0.152849 -0.092231
v 0.054885 0.151888 -0.076128
v 0.118087 0.172637 -0.134914
v 0.066829 0.151011 -0.063631
v 0.130038 0.171745 -0.122413
v 0.082999 0.169011 -0.055636
v 0.067171 0.169678 -0.062635
v 0.056023 0.154463 -0.125259
v 0.100299 0.168659 -0.055204
v 0.116435 0.168679 -0.061407
v 0.102267 0.173290 -0.141915
v 0.084984 0.173608 -0.142350
v 0.101926 0.154622 -0.142925
v 0.084643 0.154939 -0.143353
v 0.049379 0.172420 -0.108503
v 0.049039 0.153751 -0.109487
v 0.056363 0.173132 -0.124271
v 0.068525 0.154881 -0.137150
v 0.098472 0.239433 -0.115636
v 0.090200 0.239591 -0.115855
v 0.106045 0.239116 -0.112276
v 0.111765 0.238686 -0.106287
v 0.114762 0.238208 -0.098579
v 0.114578 0.237759 -0.090325
v 0.111242 0.237407 -0.082782
v 0.105259 0.237207 -0.077099
v 0.097542 0.237189 -0.074142
v 0.089265 0.237355 -0.074362
v 0.081691 0.237676 -0.077725
v 0.075972 0.238105 -0.083718
v 0.072978 0.238574 -0.091429
v 0.073165 0.239016 -0.099682
v 0.076504 0.239364 -0.107222
v 0.082486 0.239566 -0.112901
v 0.107755 0.231383 -0.104286
v 0.103275 0.231719 -0.108978
v 0.110102 0.231012 -0.098248
v 0.109957 0.230662 -0.091783
v 0.107342 0.230388 -0.085875
v 0.102656 0.230232 -0.081423
v 0.096612 0.230218 -0.079107
v 0.090130 0.230347 -0.079279
v 0.079770 -0.007423 -0.064978
v 0.063951 -0.006769 -0.071942
v 0.066829 0.151011 -0.063631
v 0.082656 0.150345 -0.056636
v 0.036202 -0.026803 -0.098587
v 0.036600 -0.004931 -0.097438
v 0.043159 -0.005939 -0.080530
v 0.046569 0.170516 -0.071366
v 0.040042 0.171521 -0.088202
v 0.039702 0.152851 -0.089183
v 0.036581 -0.027825 -0.079284
v 0.036980 -0.005952 -0.078134
v 0.030023 -0.026817 -0.096191
v 0.030421 -0.004944 -0.095042
v 0.040390 0.170502 -0.068969
v 0.033863 0.171508 -0.085806
v 0.033523 0.152838 -0.086787
v 0.040049 0.151834 -0.069962
v 0.036349 0.133910 -0.068944
v 0.029356 0.134860 -0.085513
v 0.035535 0.134873 -0.087909
v 0.033964 0.011187 -0.075301
v 0.032473 0.028505 -0.073343
v 0.031976 0.045939 -0.071954
v 0.032063 0.063441 -0.070901
v 0.032403 0.080973 -0.069992
v 0.032999 0.098534 -0.069230
v 0.034177 0.116164 -0.068802
v 0.026944 0.012141 -0.091933
v 0.025609 0.029476 -0.090053
v 0.025158 0.046914 -0.088679
v 0.025258 0.064417 -0.087622
v 0.025603 0.081948 -0.086705
v 0.026192 0.099508 -0.085928
v 0.027332 0.117132 -0.085467
v 0.033123 0.012154 -0.094329
v 0.031788 0.029489 -0.092449
v 0.031337 0.046927 -0.091075
v 0.031438 0.064430 -0.090018
v 0.031782 0.081961 -0.089101
v 0.032371 0.099521 -0.088324
v 0.033511 0.117146 -0.087863
v 0.089290 0.237360 -0.074471
v 0.032371 0.099521 -0.088324
v 0.032371 0.099521 -0.088324
v 0.081569 0.227613 -0.078420
v 0.081569 0.227613 -0.078420
v 0.031782 0.081961 -0.089101
v 0.031782 0.081961 -0.089101
v 0.081755 0.237680 -0.077816
v 0.081755 0.237680 -0.077816
v 0.031438 0.064430 -0.090018
v 0.031438 0.064430 -0.090018
v 0.031337 0.046927 -0.091075
v 0.031337 0.046927 -0.091075
v 0.114901 -0.003880 -0.144457
v 0.081393 -0.024769 -0.152951
v 0.065265 -0.024804 -0.146697
v 0.075881 0.228037 -0.084382
v 0.075881 0.228037 -0.084382
v 0.031788 0.029489 -0.092449
v 0.031788 0.029489 -0.092449
v 0.052755 -0.025203 -0.134757
v 0.112795 -0.029596 -0.071997
v 0.097711 0.225560 -0.114168
v 0.097711 0.225560 -0.114168
v 0.045767 -0.025907 -0.118948
v 0.113191 -0.007728 -0.070852
v 0.076066 0.238106 -0.083778
v 0.076066 0.238106 -0.083778
v 0.045366 -0.026808 -0.101678
v 0.097062 -0.007762 -0.064596
v 0.033123 0.012154 -0.094329
v 0.033123 0.012154 -0.094329
v 0.051612 -0.027768 -0.085575
v 0.132694 -0.027592 -0.117017
v 0.097778 0.229239 -0.113950
v 0.097778 0.229239 -0.113950
v 0.063555 -0.028642 -0.073092
v 0.126448 -0.026632 -0.133119
v 0.079770 -0.007423 -0.064978
v 0.063951 -0.006769 -0.071942
v 0.079376 -0.029296 -0.066128
v 0.096667 -0.029631 -0.065743
v 0.126845 -0.004756 -0.131974
v 0.125701 -0.007327 -0.082793
v 0.125305 -0.029196 -0.083938
v 0.133089 -0.005719 -0.115872
v 0.132687 -0.006622 -0.098602
v 0.132293 -0.028493 -0.099746
v 0.072904 0.228502 -0.092052
v 0.072904 0.228502 -0.092052
v 0.073089 0.238573 -0.091448
v 0.073089 0.238573 -0.091448
v 0.114505 -0.025758 -0.145603
v 0.099080 -0.003225 -0.151420
v 0.098684 -0.025104 -0.152567
v 0.116174 -0.003808 -0.146269
v 0.090360 0.225700 -0.114362
v 0.090360 0.225700 -0.114362
v 0.083505 0.225679 -0.111735
v 0.083505 0.225679 -0.111735
v 0.102267 0.173290 -0.141915
v 0.102267 0.173290 -0.141915
v 0.073091 0.228939 -0.100262
v 0.073091 0.228939 -0.100262
v 0.048978 0.171519 -0.091249
v 0.048978 0.171519 -0.091249
v 0.073275 0.239013 -0.099658
v 0.073275 0.239013 -0.099658
v 0.087426 0.204879 -0.070655
v 0.088866 0.223581 -0.074536
v 0.097940 0.204667 -0.070380
v 0.097402 0.223410 -0.074311
v 0.107744 0.204686 -0.074142
v 0.105361 0.223427 -0.077362
v 0.115345 0.204935 -0.081366
v 0.111531 0.223631 -0.083224
v 0.119585 0.205377 -0.090952
v 0.114973 0.223992 -0.091004
v 0.119820 0.205943 -0.101439
v 0.115164 0.224452 -0.099517
v 0.116015 0.206544 -0.111230
v 0.112075 0.224942 -0.107467
v 0.106176 0.225383 -0.113643
v 0.099134 0.207484 -0.123099
v 0.098368 0.225709 -0.117107
v 0.083572 0.229358 -0.111518
v 0.083572 0.229358 -0.111518
v 0.090427 0.229379 -0.114144
v 0.090427 0.229379 -0.114144
v 0.077556 0.189275 -0.122111
v 0.069462 0.189008 -0.114421
v 0.064942 0.188547 -0.104217
v 0.064684 0.187961 -0.093049
v 0.049379 0.172420 -0.108503
v 0.049379 0.172420 -0.108503
v 0.076413 0.229283 -0.107763
v 0.076413 0.229283 -0.107763
v 0.076596 0.239359 -0.107158
v 0.082546 0.239559 -0.112807
v 0.056363 0.173132 -0.124271
v 0.056363 0.173132 -0.124271
v 0.082364 0.229482 -0.113413
v 0.068865 0.173550 -0.136156
v 0.068865 0.173550 -0.136156
v 0.118087 0.172637 -0.134914
v 0.118087 0.172637 -0.134914
v 0.076596 0.239359 -0.107158
v 0.084984 0.173608 -0.142350
v 0.084984 0.173608 -0.142350
v 0.097335 0.227129 -0.074858
v 0.097523 0.237195 -0.074252
v 0.105012 0.227146 -0.077800
v 0.105199 0.237213 -0.077194
v 0.110963 0.227343 -0.083454
v 0.111150 0.237412 -0.082846
v 0.114283 0.227692 -0.090958
v 0.114468 0.237762 -0.090350
v 0.114467 0.228137 -0.099169
v 0.114651 0.238209 -0.098560
v 0.111487 0.228609 -0.106837
v 0.111670 0.238684 -0.106227
v 0.105798 0.229035 -0.112794
v 0.105980 0.239112 -0.112185
v 0.098266 0.229350 -0.116136
v 0.098448 0.239428 -0.115527
v 0.068865 0.173550 -0.136156
v 0.068865 0.173550 -0.136156
v 0.090219 0.239584 -0.115746
v 0.090037 0.229506 -0.116353
v 0.097475 0.239206 -0.111172
v 0.090995 0.239330 -0.111344
v 0.103407 0.238957 -0.108540
v 0.097444 -0.007883 -0.062417
v 0.056363 0.173132 -0.124271
v 0.056363 0.173132 -0.124271
v 0.049039 0.153751 -0.109487
v 0.049039 0.153751 -0.109487
v 0.082486 0.239566 -0.112901
v 0.082486 0.239566 -0.112901
v 0.064942 0.188547 -0.104217
v 0.049379 0.172420 -0.108503
v 0.049379 0.172420 -0.108503
v 0.076504 0.239364 -0.107222
v 0.076504 0.239364 -0.107222
v 0.084331 0.237831 -0.081477
v 0.090264 0.237579 -0.078843
v 0.079851 0.238166 -0.086171
v 0.077506 0.238534 -0.092210
v 0.077653 0.238881 -0.098675
v 0.080268 0.239153 -0.104581
v 0.084953 0.239311 -0.109029
v 0.069462 0.189008 -0.114421
v 0.084643 0.154939 -0.143353
v 0.084643 0.154939 -0.143353
v 0.101926 0.154622 -0.142925
v 0.101926 0.154622 -0.142925
v 0.073165 0.239016 -0.099682
v 0.073165 0.239016 -0.099682
v 0.101246 0.189569 -0.135084
v 0.114888 0.189005 -0.129042
v 0.125193 0.188237 -0.118257
v 0.130592 0.187382 -0.104369
v 0.130261 0.186574 -0.089490
v 0.124247 0.185946 -0.075892
v 0.113465 0.185595 -0.065643
v 0.099551 0.185574 -0.060300
v 0.084633 0.185877 -0.060676
v 0.084984 0.173608 -0.142350
v 0.084984 0.173608 -0.142350
v 0.068728 0.187337 -0.082619
v 0.087990 0.189308 -0.126116
v 0.072978 0.238574 -0.091429
v 0.072978 0.238574 -0.091429
v 0.076461 0.186766 -0.074515
v 0.075972 0.238105 -0.083718
v 0.075972 0.238105 -0.083718
v 0.086706 0.186334 -0.069973
v 0.099179 0.189098 -0.125828
v 0.097903 0.186109 -0.069686
v 0.109419 0.188674 -0.121291
v 0.108346 0.186126 -0.073695
v 0.117153 0.188099 -0.113194
v 0.116438 0.186390 -0.081390
v 0.121204 0.187461 -0.102769
v 0.120953 0.186860 -0.091601
v 0.098368 0.225709 -0.117107
v 0.034177 0.116164 -0.068802
v 0.034177 0.116164 -0.068802
v 0.097402 0.223410 -0.074311
v 0.081691 0.237676 -0.077725
v 0.081691 0.237676 -0.077725
v 0.032999 0.098534 -0.069230
v 0.032999 0.098534 -0.069230
v 0.106176 0.225383 -0.113643
v 0.102267 0.173290 -0.141915
v 0.102267 0.173290 -0.141915
v 0.089265 0.237355 -0.074362
v 0.089265 0.237355 -0.074362
v 0.032403 0.080973 -0.069992
v 0.032403 0.080973 -0.069992
v 0.105361 0.223427 -0.077362
v 0.097542 0.237189 -0.074142
v 0.097542 0.237189 -0.074142
v 0.078256 0.229180 -0.106470
v 0.078189 0.225502 -0.106687
v 0.104507 0.228958 -0.110965
v 0.104440 0.225279 -0.111183
v 0.109589 0.228577 -0.105642
v 0.109522 0.224899 -0.105861
v 0.112251 0.228156 -0.098792
v 0.112184 0.224478 -0.099011
v 0.112086 0.227759 -0.091457
v 0.112019 0.224082 -0.091676
v 0.109120 0.227448 -0.084754
v 0.109053 0.223772 -0.084972
v 0.103804 0.227272 -0.079703
v 0.103736 0.223596 -0.079921
v 0.096946 0.227256 -0.077075
v 0.096878 0.223581 -0.077292
v 0.089592 0.227403 -0.077270
v 0.089524 0.223727 -0.077487
v 0.082861 0.227688 -0.080257
v 0.032063 0.063441 -0.070901
v 0.032063 0.063441 -0.070901
v 0.082794 0.224012 -0.080474
v 0.077780 0.228067 -0.085583
v 0.112075 0.224942 -0.107467
v 0.077712 0.224390 -0.085799
v 0.075121 0.228482 -0.092435
v 0.064077 -0.024684 -0.148564
v 0.075053 0.224805 -0.092651
v 0.075288 0.228873 -0.099769
v 0.105259 0.237207 -0.077099
v 0.105259 0.237207 -0.077099
v 0.075221 0.225195 -0.099986
v 0.031976 0.045939 -0.071954
v 0.031976 0.045939 -0.071954
v 0.111531 0.223631 -0.083224
v 0.082224 0.150251 -0.054700
v 0.082567 0.168916 -0.053700
v 0.118087 0.172637 -0.134914
v 0.118087 0.172637 -0.134914
v 0.100298 0.149882 -0.054255
v 0.100642 0.168547 -0.053249
v 0.117155 0.149902 -0.060744
v 0.117501 0.168567 -0.059730
v 0.050942 -0.025104 -0.136027
v 0.130222 0.150326 -0.073177
v 0.130566 0.168991 -0.072156
v 0.137510 0.151087 -0.089658
v 0.137853 0.169753 -0.088630
v 0.137912 0.152067 -0.107674
v 0.138254 0.170734 -0.106643
v 0.131370 0.153108 -0.124489
v 0.131711 0.171775 -0.123467
v 0.119225 0.172708 -0.136528
v 0.102355 0.154721 -0.144852
v 0.102696 0.173389 -0.143840
v 0.111242 0.237407 -0.082782
v 0.111242 0.237407 -0.082782
v 0.032473 0.028505 -0.073343
v 0.032473 0.028505 -0.073343
v 0.114973 0.223992 -0.091004
v 0.115164 0.224452 -0.099517
v 0.043605 -0.025843 -0.119428
v 0.084299 0.155052 -0.145298
v 0.067460 0.154990 -0.138818
v 0.114578 0.237759 -0.090325
v 0.114578 0.237759 -0.090325
v 0.033964 0.011187 -0.075301
v 0.033964 0.011187 -0.075301
v 0.114762 0.238208 -0.098579
v 0.114762 0.238208 -0.098579
v 0.035535 0.134873 -0.087909
v 0.035535 0.134873 -0.087909
v 0.111765 0.238686 -0.106287
v 0.111765 0.238686 -0.106287
v 0.084327 0.169303 -0.061589
v 0.099244 0.169001 -0.061216
v 0.088866 0.223581 -0.074536
v 0.113158 0.169020 -0.066564
v 0.062282 -0.028714 -0.071280
v 0.123941 0.169370 -0.076818
v 0.106045 0.239116 -0.112276
v 0.106045 0.239116 -0.112276
v 0.129956 0.169996 -0.090414
v 0.098472 0.239433 -0.115636
v 0.098472 0.239433 -0.115636
v 0.130289 0.170801 -0.105282
v 0.114586 0.172422 -0.129951
v 0.100944 0.172985 -0.135989
v 0.124891 0.171655 -0.119169
v 0.090200 0.239591 -0.115855
v 0.090200 0.239591 -0.115855
v 0.036349 0.133910 -0.068944
v 0.036349 0.133910 -0.068944
v 0.100944 0.172985 -0.135989
v 0.114586 0.172422 -0.129951
v 0.076461 0.186766 -0.074515
v 0.040049 0.151834 -0.069962
v 0.040049 0.151834 -0.069962
v 0.040390 0.170502 -0.068969
v 0.040390 0.170502 -0.068969
v 0.087990 0.189308 -0.126116
v 0.077556 0.189275 -0.122111
v 0.128940 0.169084 -0.073300
v 0.135916 0.169813 -0.089068
v 0.130038 0.171745 -0.122413
v 0.116435 0.168679 -0.061407
v 0.116435 0.168679 -0.061407
v 0.136300 0.170750 -0.106309
v 0.064684 0.187961 -0.093049
v 0.116435 0.168679 -0.061407
v 0.068728 0.187337 -0.082619
v 0.099244 0.169001 -0.061216
v 0.055226 0.170556 -0.075135
v 0.084327 0.169303 -0.061589
v 0.054399 0.154553 -0.126395
v 0.047102 0.153808 -0.109917
v 0.084633 0.185877 -0.060676
v 0.046684 0.152866 -0.091889
v 0.053210 0.151863 -0.075065
v 0.065689 0.150946 -0.062009
v 0.100299 0.168659 -0.055204
v 0.100299 0.168659 -0.055204
v 0.099551 0.185574 -0.060300
v 0.056023 0.154463 -0.125259
v 0.056023 0.154463 -0.125259
v 0.066031 0.169613 -0.061013
v 0.053551 0.170531 -0.074071
v 0.054399 0.154553 -0.126395
v 0.030023 -0.026817 -0.096191
v 0.030023 -0.026817 -0.096191
v 0.113465 0.185595 -0.065643
v 0.124247 0.185946 -0.075892
v 0.082999 0.169011 -0.055636
v 0.082999 0.169011 -0.055636
v 0.036581 -0.027825 -0.079284
v 0.036581 -0.027825 -0.079284
v 0.036980 -0.005952 -0.078134
v 0.036980 -0.005952 -0.078134
v 0.054885 0.151888 -0.076128
v 0.055226 0.170556 -0.075135
v 0.048978 0.171519 -0.091249
v 0.130261 0.186574 -0.089490
v 0.048638 0.152849 -0.092231
v 0.130038 0.171745 -0.122413
v 0.130038 0.171745 -0.122413
v 0.067171 0.169678 -0.062635
v 0.066829 0.151011 -0.063631
v 0.082656 0.150345 -0.056636
v 0.099955 0.149993 -0.056210
v 0.116090 0.150014 -0.062420
v 0.128940 0.169084 -0.073300
v 0.128596 0.150419 -0.074320
v 0.135916 0.169813 -0.089068
v 0.135573 0.151147 -0.090095
v 0.136300 0.170750 -0.106309
v 0.135958 0.152083 -0.107339
v 0.049742 -0.027796 -0.084387
v 0.129697 0.153078 -0.123433
v 0.130592 0.187382 -0.104369
v 0.050141 -0.005924 -0.083238
v 0.125193 0.188237 -0.118257
v 0.114888 0.189005 -0.129042
v 0.068525 0.154881 -0.137150
v 0.101246 0.189569 -0.135084
v 0.043184 -0.026788 -0.101295
v 0.036202 -0.026803 -0.098587
v 0.036202 -0.026803 -0.098587
v 0.054885 0.151888 -0.076128
v 0.048638 0.152849 -0.092231
v 0.078894 -0.029401 -0.063968
v 0.079288 -0.007528 -0.062818
v 0.039702 0.152851 -0.089183
v 0.039702 0.152851 -0.089183
v 0.055226 0.170556 -0.075135
v 0.048978 0.171519 -0.091249
v 0.099134 0.207484 -0.123099
v 0.099179 0.189098 -0.125828
v 0.046569 0.170516 -0.071366
v 0.046569 0.170516 -0.071366
v 0.084953 0.239311 -0.109029
v 0.080268 0.239153 -0.104581
v 0.077653 0.238881 -0.098675
v 0.077506 0.238534 -0.092210
v 0.036600 -0.004931 -0.097438
v 0.036600 -0.004931 -0.097438
v 0.043159 -0.005939 -0.080530
v 0.043159 -0.005939 -0.080530
v 0.079851 0.238166 -0.086171
v 0.116435 0.168679 -0.061407
v 0.113158 0.169020 -0.066564
v 0.084331 0.237831 -0.081477
v 0.086706 0.186334 -0.069973
v 0.087426 0.204879 -0.070655
v 0.099080 -0.003225 -0.151420
v 0.114901 -0.003880 -0.144457
v 0.053551 0.170531 -0.074071
v 0.078189 0.225502 -0.106687
v 0.099562 -0.003120 -0.153580
v 0.078256 0.229180 -0.106470
v 0.099166 -0.024999 -0.154727
v 0.081011 -0.024647 -0.155130
v 0.075221 0.225195 -0.099986
v 0.082656 0.150345 -0.056636
v 0.082656 0.150345 -0.056636
v 0.066829 0.151011 -0.063631
v 0.066829 0.151011 -0.063631
v 0.090995 0.239330 -0.111344
v 0.097475 0.239206 -0.111172
v 0.082567 0.168916 -0.053700
v 0.063951 -0.006769 -0.071942
v 0.063951 -0.006769 -0.071942
v 0.097344 0.231967 -0.111610
v 0.090865 0.232091 -0.111781
v 0.103275 0.231719 -0.108978
v 0.102656 0.230232 -0.081423
v 0.096612 0.230218 -0.079107
v 0.090130 0.230347 -0.079279
v 0.084197 0.230598 -0.081913
v 0.079718 0.230932 -0.086607
v 0.077374 0.231300 -0.092646
v 0.077521 0.231644 -0.099111
v 0.080136 0.231916 -0.105017
v 0.084822 0.232073 -0.109466
v 0.079770 -0.007423 -0.064978
v 0.079770 -0.007423 -0.064978
v 0.082364 0.229482 -0.113413
v 0.075288 0.228873 -0.099769
v 0.102696 0.173389 -0.143840
v 0.103407 0.238957 -0.108540
v 0.103275 0.231719 -0.108978
v 0.042760 -0.027811 -0.081680
v 0.082546 0.239559 -0.112807
v 0.075053 0.224805 -0.092651
v 0.046228 0.151848 -0.072360
v 0.100642 0.168547 -0.053249
v 0.117501 0.168567 -0.059730
v 0.090130 0.230347 -0.079279
v 0.090264 0.237579 -0.078843
v 0.030421 -0.004944 -0.095042
v 0.090037 0.229506 -0.116353
v 0.033523 0.152838 -0.086787
v 0.131711 0.171775 -0.123467
v 0.119225 0.172708 -0.136528
v 0.067171 0.169678 -0.062635
v 0.042528 0.133923 -0.071341
v 0.066031 0.169613 -0.061013
v 0.090219 0.239584 -0.115746
v 0.075121 0.228482 -0.092435
v 0.067460 0.154990 -0.138818
v 0.068525 0.154881 -0.137150
v 0.077712 0.224390 -0.085799
v 0.077780 0.228067 -0.085583
v 0.098448 0.239428 -0.115527
v 0.040143 0.011201 -0.077697
v 0.038652 0.028518 -0.075739
v 0.038155 0.045952 -0.074351
v 0.038241 0.063454 -0.073297
v 0.038582 0.080986 -0.072389
v 0.039178 0.098548 -0.071627
v 0.040356 0.116178 -0.071199
v 0.098266 0.229350 -0.116136
v 0.082794 0.224012 -0.080474
v 0.082861 0.227688 -0.080257
v 0.089524 0.223727 -0.077487
v 0.089592 0.227403 -0.077270
v 0.066829 0.151011 -0.063631
v 0.082224 0.150251 -0.054700
v 0.097062 -0.007762 -0.064596
v 0.102355 0.154721 -0.144852
v 0.084299 0.155052 -0.145298
v 0.053210 0.151863 -0.075065
v 0.065689 0.150946 -0.062009
v 0.047102 0.153808 -0.109917
v 0.046684 0.152866 -0.091889
v 0.079770 -0.007423 -0.064978
v 0.063951 -0.006769 -0.071942
v 0.062677 -0.006841 -0.070130
v 0.043582 -0.004915 -0.100145
v 0.044003 -0.003968 -0.118279
v 0.051338 -0.003227 -0.134878
v 0.064473 -0.002806 -0.147415
v 0.081407 -0.002768 -0.153983
v 0.081789 -0.002890 -0.151804
v 0.065661 -0.002926 -0.145549
v 0.052011 -0.005896 -0.084426
v 0.053151 -0.003327 -0.133608
v 0.046165 -0.004033 -0.117799
v 0.045764 -0.004935 -0.100528
v 0.077804 0.205285 -0.074924
v 0.081056 0.223911 -0.078004
v 0.089837 0.225871 -0.117332
v 0.072267 0.225284 -0.100649
v 0.072073 0.224832 -0.092136
v 0.107887 0.238620 -0.103848
v 0.110234 0.238247 -0.097810
v 0.110090 0.237896 -0.091345
v 0.107476 0.237621 -0.085437
v 0.102790 0.237464 -0.080987
v 0.096746 0.237450 -0.078671
v 0.061359 0.172856 -0.120775
v 0.061660 0.189439 -0.119887
v 0.055336 0.172242 -0.107178
v 0.055638 0.188825 -0.106293
v 0.054991 0.171464 -0.092299
v 0.055293 0.188046 -0.091415
v 0.086342 0.189845 -0.135466
v 0.075158 0.224350 -0.084184
v 0.075712 0.225640 -0.108425
v 0.081881 0.225846 -0.114283
v 0.070541 0.205823 -0.082536
v 0.070984 0.186454 -0.066722
v 0.060681 0.187215 -0.077519
v 0.060378 0.170634 -0.078404
v 0.084640 0.173721 -0.144295
v 0.047024 0.171536 -0.090907
v 0.047442 0.172478 -0.108934
v 0.054739 0.173222 -0.125407
v 0.067801 0.173659 -0.137823
v 0.070679 0.169877 -0.067624
v 0.072442 0.189798 -0.130130
v 0.086040 0.173261 -0.136365
v 0.072140 0.173214 -0.131024
v 0.055226 0.170556 -0.075135
v 0.102656 0.230232 -0.081423
v 0.096612 0.230218 -0.079107
v 0.040042 0.171521 -0.088202
v 0.033863 0.171508 -0.085806
v 0.033523 0.152838 -0.086787
v 0.029356 0.134860 -0.085513
v 0.081393 -0.024769 -0.152951
v 0.098684 -0.025104 -0.152567
v 0.114505 -0.025758 -0.145603
v 0.126448 -0.026632 -0.133119
v 0.132694 -0.027592 -0.117017
v 0.132293 -0.028493 -0.099746
v 0.125305 -0.029196 -0.083938
v 0.112795 -0.029596 -0.071997
v 0.096667 -0.029631 -0.065743
v 0.079376 -0.029296 -0.066128
v 0.063555 -0.028642 -0.073092
v 0.051612 -0.027768 -0.085575
v 0.045366 -0.026808 -0.101678
v 0.045767 -0.025907 -0.118948
v 0.052755 -0.025203 -0.134757
v 0.065265 -0.024804 -0.146697
v 0.089103 0.227294 -0.075076
v 0.033511 0.117146 -0.087863
v 0.107755 0.231383 -0.104286
v 0.107755 0.231383 -0.104286
v 0.064077 -0.024684 -0.148564
v 0.050942 -0.025104 -0.136027
v 0.043605 -0.025843 -0.119428
v 0.043184 -0.026788 -0.101295
v 0.062282 -0.028714 -0.071280
v 0.110102 0.231012 -0.098248
v 0.065265 -0.024804 -0.146697
v 0.052755 -0.025203 -0.134757
v 0.109957 0.230662 -0.091783
v 0.045767 -0.025907 -0.118948
v 0.107342 0.230388 -0.085875
v 0.045366 -0.026808 -0.101678
v 0.049742 -0.027796 -0.084387
v 0.051612 -0.027768 -0.085575
v 0.063555 -0.028642 -0.073092
v 0.078894 -0.029401 -0.063968
v 0.079376 -0.029296 -0.066128
v 0.097049 -0.029753 -0.063564
v 0.096667 -0.029631 -0.065743
v 0.113983 -0.029716 -0.070131
v 0.112795 -0.029596 -0.071997
v 0.127118 -0.029296 -0.082668
v 0.125305 -0.029196 -0.083938
v 0.134455 -0.028557 -0.099267
v 0.132293 -0.028493 -0.099746
v 0.134876 -0.027612 -0.117400
v 0.132694 -0.027592 -0.117017
v 0.128715 -0.004727 -0.133162
v 0.097344 0.231967 -0.111610
v 0.090865 0.232091 -0.111781
v 0.103275 0.231719 -0.108978
v 0.107755 0.231383 -0.104286
v 0.110102 0.231012 -0.098248
v 0.109957 0.230662 -0.091783
v 0.107342 0.230388 -0.085875
v 0.102656 0.230232 -0.081423
v 0.096612 0.230218 -0.079107
v 0.090130 0.230347 -0.079279
v 0.084197 0.230598 -0.081913
v 0.079718 0.230932 -0.086607
v 0.077374 0.231300 -0.092646
v 0.077521 0.231644 -0.099111
v 0.080136 0.231916 -0.105017
v 0.084822 0.232073 -0.109466
v 0.128318 -0.026603 -0.134307
v 0.126448 -0.026632 -0.133119
v 0.116174 -0.003808 -0.146269
v 0.115778 -0.025686 -0.147415
v 0.114505 -0.025758 -0.145603
v 0.099562 -0.003120 -0.153580
v 0.081011 -0.024647 -0.155130
v 0.099166 -0.024999 -0.154727
v 0.098684 -0.025104 -0.152567
v 0.081393 -0.024769 -0.152951
v 0.089290 0.237360 -0.074471
v 0.032371 0.099521 -0.088324
v 0.081569 0.227613 -0.078420
v 0.031782 0.081961 -0.089101
v 0.081755 0.237680 -0.077816
v 0.031438 0.064430 -0.090018
v 0.031337 0.046927 -0.091075
v 0.114901 -0.003880 -0.144457
v 0.081393 -0.024769 -0.152951
v 0.065265 -0.024804 -0.146697
v 0.075881 0.228037 -0.084382
v 0.031788 0.029489 -0.092449
v 0.052755 -0.025203 -0.134757
v 0.112795 -0.029596 -0.071997
v 0.097711 0.225560 -0.114168
v 0.097711 0.225560 -0.114168
v 0.045767 -0.025907 -0.118948
v 0.076066 0.238106 -0.083778
v 0.045366 -0.026808 -0.101678
v 0.033123 0.012154 -0.094329
v 0.051612 -0.027768 -0.085575
v 0.132694 -0.027592 -0.117017
v 0.097778 0.229239 -0.113950
v 0.097778 0.229239 -0.113950
v 0.063555 -0.028642 -0.073092
v 0.126448 -0.026632 -0.133119
v 0.079376 -0.029296 -0.066128
v 0.096667 -0.029631 -0.065743
v 0.126845 -0.004756 -0.131974
v 0.125305 -0.029196 -0.083938
v 0.132293 -0.028493 -0.099746
v 0.072904 0.228502 -0.092052
v 0.073089 0.238573 -0.091448
v 0.114505 -0.025758 -0.145603
v 0.099080 -0.003225 -0.151420
v 0.098684 -0.025104 -0.152567
v 0.090360 0.225700 -0.114362
v 0.083505 0.225679 -0.111735
v 0.073091 0.228939 -0.100262
v 0.073275 0.239013 -0.099658
v 0.116015 0.206544 -0.111230
v 0.112075 0.224942 -0.107467
v 0.108751 0.207085 -0.118836
v 0.106176 0.225383 -0.113643
v 0.099134 0.207484 -0.123099
v 0.098368 0.225709 -0.117107
v 0.083572 0.229358 -0.111518
v 0.090427 0.229379 -0.114144
v 0.076413 0.229283 -0.107763
v 0.076596 0.239359 -0.107158
v 0.114283 0.227692 -0.090958
v 0.114468 0.237762 -0.090350
v 0.114467 0.228137 -0.099169
v 0.114651 0.238209 -0.098560
v 0.111487 0.228609 -0.106837
v 0.111670 0.238684 -0.106227
v 0.105798 0.229035 -0.112794
v 0.105980 0.239112 -0.112185
v 0.098266 0.229350 -0.116136
v 0.098448 0.239428 -0.115527
v 0.049039 0.153751 -0.109487
v 0.049039 0.153751 -0.109487
v 0.082486 0.239566 -0.112901
v 0.064942 0.188547 -0.104217
v 0.076504 0.239364 -0.107222
v 0.079851 0.238166 -0.086171
v 0.077506 0.238534 -0.092210
v 0.069462 0.189008 -0.114421
v 0.084643 0.154939 -0.143353
v 0.084643 0.154939 -0.143353
v 0.101926 0.154622 -0.142925
v 0.101926 0.154622 -0.142925
v 0.073165 0.239016 -0.099682
v 0.101246 0.189569 -0.135084
v 0.114888 0.189005 -0.129042
v 0.125193 0.188237 -0.118257
v 0.072978 0.238574 -0.091429
v 0.075972 0.238105 -0.083718
v 0.099179 0.189098 -0.125828
v 0.109419 0.188674 -0.121291
v 0.117153 0.188099 -0.113194
v 0.098368 0.225709 -0.117107
v 0.034177 0.116164 -0.068802
v 0.032999 0.098534 -0.069230
v 0.032403 0.080973 -0.069992
v 0.104507 0.228958 -0.110965
v 0.104440 0.225279 -0.111183
v 0.109589 0.228577 -0.105642
v 0.109522 0.224899 -0.105861
v 0.032063 0.063441 -0.070901
v 0.064077 -0.024684 -0.148564
v 0.031976 0.045939 -0.071954
v 0.050942 -0.025104 -0.136027
v 0.137912 0.152067 -0.107674
v 0.131370 0.153108 -0.124489
v 0.131711 0.171775 -0.123467
v 0.118884 0.154040 -0.137546
v 0.119225 0.172708 -0.136528
v 0.102355 0.154721 -0.144852
v 0.102696 0.173389 -0.143840
v 0.032473 0.028505 -0.073343
v 0.043605 -0.025843 -0.119428
v 0.084299 0.155052 -0.145298
v 0.067460 0.154990 -0.138818
v 0.033964 0.011187 -0.075301
v 0.035535 0.134873 -0.087909
v 0.035535 0.134873 -0.087909
v 0.111765 0.238686 -0.106287
v 0.106045 0.239116 -0.112276
v 0.098472 0.239433 -0.115636
v 0.114586 0.172422 -0.129951
v 0.100944 0.172985 -0.135989
v 0.124891 0.171655 -0.119169
v 0.090200 0.239591 -0.115855
v 0.036349 0.133910 -0.068944
v 0.100944 0.172985 -0.135989
v 0.040049 0.151834 -0.069962
v 0.040390 0.170502 -0.068969
v 0.087990 0.189308 -0.126116
v 0.077556 0.189275 -0.122111
v 0.064684 0.187961 -0.093049
v 0.068728 0.187337 -0.082619
v 0.054399 0.154553 -0.126395
v 0.047102 0.153808 -0.109917
v 0.046684 0.152866 -0.091889
v 0.053210 0.151863 -0.075065
v 0.065689 0.150946 -0.062009
v 0.056023 0.154463 -0.125259
v 0.056023 0.154463 -0.125259
v 0.054399 0.154553 -0.126395
v 0.030023 -0.026817 -0.096191
v 0.030023 -0.026817 -0.096191
v 0.036581 -0.027825 -0.079284
v 0.036581 -0.027825 -0.079284
v 0.036980 -0.005952 -0.078134
v 0.054885 0.151888 -0.076128
v 0.048638 0.152849 -0.092231
v 0.066829 0.151011 -0.063631
v 0.135958 0.152083 -0.107339
v 0.129697 0.153078 -0.123433
v 0.117746 0.153969 -0.135931
v 0.068525 0.154881 -0.137150
v 0.101246 0.189569 -0.135084
v 0.043184 -0.026788 -0.101295
v 0.036202 -0.026803 -0.098587
v 0.036202 -0.026803 -0.098587
v 0.054885 0.151888 -0.076128
v 0.048638 0.152849 -0.092231
v 0.039702 0.152851 -0.089183
v 0.039702 0.152851 -0.089183
v 0.099134 0.207484 -0.123099
v 0.099179 0.189098 -0.125828
v 0.084953 0.239311 -0.109029
v 0.080268 0.239153 -0.104581
v 0.077653 0.238881 -0.098675
v 0.077506 0.238534 -0.092210
v 0.036600 -0.004931 -0.097438
v 0.079851 0.238166 -0.086171
v 0.099080 -0.003225 -0.151420
v 0.078189 0.225502 -0.106687
v 0.099562 -0.003120 -0.153580
v 0.078256 0.229180 -0.106470
v 0.099166 -0.024999 -0.154727
v 0.081011 -0.024647 -0.155130
v 0.075221 0.225195 -0.099986
v 0.090995 0.239330 -0.111344
v 0.097475 0.239206 -0.111172
v 0.097344 0.231967 -0.111610
v 0.090865 0.232091 -0.111781
v 0.103275 0.231719 -0.108978
v 0.102656 0.230232 -0.081423
v 0.096612 0.230218 -0.079107
v 0.090130 0.230347 -0.079279
v 0.084197 0.230598 -0.081913
v 0.079718 0.230932 -0.086607
v 0.077374 0.231300 -0.092646
v 0.077521 0.231644 -0.099111
v 0.080136 0.231916 -0.105017
v 0.084822 0.232073 -0.109466
v 0.082364 0.229482 -0.113413
v 0.075288 0.228873 -0.099769
v 0.102696 0.173389 -0.143840
v 0.103407 0.238957 -0.108540
v 0.103275 0.231719 -0.108978
v 0.042760 -0.027811 -0.081680
v 0.082546 0.239559 -0.112807
v 0.075053 0.224805 -0.092651
v 0.046228 0.151848 -0.072360
v 0.090037 0.229506 -0.116353
v 0.042528 0.133923 -0.071341
v 0.090219 0.239584 -0.115746
v 0.075121 0.228482 -0.092435
v 0.067460 0.154990 -0.138818
v 0.068525 0.154881 -0.137150
v 0.077712 0.224390 -0.085799
v 0.077780 0.228067 -0.085583
v 0.098448 0.239428 -0.115527
v 0.098266 0.229350 -0.116136
v 0.102355 0.154721 -0.144852
v 0.084299 0.155052 -0.145298
v 0.047102 0.153808 -0.109917
v 0.046684 0.152866 -0.091889
v 0.043582 -0.004915 -0.100145
v 0.044003 -0.003968 -0.118279
v 0.051338 -0.003227 -0.134878
v 0.064473 -0.002806 -0.147415
v 0.081407 -0.002768 -0.153983
v 0.081789 -0.002890 -0.151804
v 0.065661 -0.002926 -0.145549
v 0.052011 -0.005896 -0.084426
v 0.053151 -0.003327 -0.133608
v 0.046165 -0.004033 -0.117799
v 0.045764 -0.004935 -0.100528
v 0.088627 0.207682 -0.123373
v 0.089837 0.225871 -0.117332
v 0.066984 0.206964 -0.102817
v 0.072267 0.225284 -0.100649
v 0.072073 0.224832 -0.092136
v 0.107887 0.238620 -0.103848
v 0.061359 0.172856 -0.120775
v 0.061660 0.189439 -0.119887
v 0.055336 0.172242 -0.107178
v 0.055638 0.188825 -0.106293
v 0.054991 0.171464 -0.092299
v 0.055293 0.188046 -0.091415
v 0.086342 0.189845 -0.135466
v 0.075158 0.224350 -0.084184
v 0.078828 0.207651 -0.119615
v 0.071228 0.207399 -0.112397
v 0.066742 0.206412 -0.092331
v 0.075712 0.225640 -0.108425
v 0.081881 0.225846 -0.114283
v 0.070541 0.205823 -0.082536
v 0.060681 0.187215 -0.077519
v 0.060378 0.170634 -0.078404
v 0.084640 0.173721 -0.144295
v 0.047024 0.171536 -0.090907
v 0.047442 0.172478 -0.108934
v 0.054739 0.173222 -0.125407
v 0.067801 0.173659 -0.137823
v 0.072442 0.189798 -0.130130
v 0.086040 0.173261 -0.136365
v 0.072140 0.173214 -0.131024
v 0.040042 0.171521 -0.088202
v 0.030421 -0.004944 -0.095042
v 0.033863 0.171508 -0.085806
v 0.033523 0.152838 -0.086787
v 0.029356 0.134860 -0.085513
v 0.026944 0.012141 -0.091933
v 0.025609 0.029476 -0.090053
v 0.025158 0.046914 -0.088679
v 0.025258 0.064417 -0.087622
v 0.025603 0.081948 -0.086705
v 0.026192 0.099508 -0.085928
v 0.027332 0.117132 -0.085467
vn 0.0182 0.9985 0.0525
vn -0.0182 -0.9984 -0.0526
vn 0.4232 -0.1284 0.8969
vn -0.4039 -0.0406 0.9139
vn -0.9324 -0.0020 0.3615
vn -0.9146 0.0376 -0.4026
vn -0.3611 0.0553 -0.9309
vn -0.3609 0.0562 -0.9309
vn -0.7232 -0.0230 0.6903
vn -0.9996 0.0192 -0.0222
vn -0.6904 0.0503 -0.7217
vn 0.0231 0.0520 -0.9984
vn -0.0182 -0.9985 -0.0526
vn -0.0183 -0.9984 -0.0526
vn 0.0276 0.0595 -0.9978
vn -0.3573 0.0627 -0.9319
vn -0.6886 0.0564 -0.7229
vn -0.9144 0.0412 -0.4026
vn -0.9996 0.0196 -0.0212
vn -0.9322 -0.0049 0.3620
vn -0.7239 -0.0285 0.6893
vn -0.4067 -0.0478 0.9123
vn -0.7242 -0.0281 0.6891
vn -0.4061 -0.1352 0.9038
vn -0.9298 -0.0952 0.3554
vn -0.9123 -0.0532 -0.4059
vn -0.3581 -0.0341 -0.9331
vn -0.7223 -0.1171 0.6816
vn -0.9970 -0.0727 -0.0262
vn -0.6878 -0.0396 -0.7248
vn 0.0251 -0.0376 -0.9990
vn -0.4067 -0.0468 0.9124
vn -0.7240 -0.0278 0.6893
vn -0.9322 -0.0045 0.3620
vn -0.9996 0.0195 -0.0214
vn -0.9144 0.0407 -0.4027
vn -0.6886 0.0555 -0.7230
vn -0.3573 0.0617 -0.9319
vn 0.0275 0.0584 -0.9979
vn -0.3581 0.0583 -0.9319
vn -0.9145 0.0393 -0.4027
vn -0.9321 -0.0029 0.3622
vn -0.4059 -0.0425 0.9129
vn -0.0174 -0.9983 -0.0548
vn 0.0262 0.0546 -0.9982
vn -0.6890 0.0530 -0.7229
vn -0.9996 0.0195 -0.0213
vn -0.7236 -0.0247 0.6897
vn -0.0180 -0.9983 -0.0546
vn -0.0169 -0.9983 -0.0550
vn -0.0190 -0.9984 -0.0540
vn -0.0185 -0.9984 -0.0543
vn 0.0169 0.9983 0.0552
vn 0.0186 0.9983 0.0543
vn -0.0187 -0.9983 -0.0544
vn 0.0183 0.9984 0.0526
vn -0.4055 -0.0422 0.9131
vn -0.9320 -0.0029 0.3624
vn -0.9145 0.0389 -0.4027
vn -0.3585 0.0571 -0.9318
vn -0.0173 -0.9983 -0.0550
vn 0.0182 0.9984 0.0526
vn 0.0190 0.9984 0.0534
vn 0.0180 0.9983 0.0547
vn -0.0180 -0.9983 -0.0547
vn 0.0186 0.9984 0.0530
vn 0.0174 0.9984 0.0547
vn 0.0167 0.9983 0.0554
vn -0.7234 -0.0245 0.6900
vn -0.9996 0.0195 -0.0212
vn -0.6892 0.0521 -0.7227
vn 0.0258 0.0532 -0.9983
vn -0.0183 -0.9984 -0.0527
vn 0.0191 0.9984 0.0541
vn -0.0191 -0.9983 -0.0542
vn 0.0168 0.9983 0.0552
vn 0.0181 0.9984 0.0531
vn 0.0194 0.9984 0.0537
vn 0.0173 0.9983 0.0550
vn -0.4047 -0.0420 0.9135
vn -0.7233 -0.0243 0.6901
vn -0.9322 -0.0027 0.3619
vn -0.9996 0.0194 -0.0218
vn -0.9146 0.0384 -0.4026
vn -0.6898 0.0514 -0.7221
vn -0.3599 0.0562 -0.9313
vn 0.0244 0.0525 -0.9983
vn 0.0216 -0.2047 -0.9786
vn -0.6702 -0.2076 -0.7125
vn -0.9700 -0.2404 -0.0347
vn -0.7035 -0.2839 0.6516
vn -0.3504 -0.2018 -0.9146
vn -0.8880 -0.2212 -0.4031
vn -0.9048 -0.2624 0.3355
vn -0.3970 -0.3018 0.8668
vn -0.9323 -0.0046 0.3617
vn -0.9996 0.0196 -0.0216
vn -0.9143 0.0409 -0.4030
vn -0.6885 0.0561 -0.7231
vn 0.0276 0.0598 -0.9978
vn -0.3572 0.0628 -0.9319
vn 0.4068 0.0479 -0.9123
vn -0.4070 -0.0474 0.9122
vn -0.3611 0.0555 -0.9309
vn -0.3612 0.0561 -0.9308
vn -0.0182 -0.9985 -0.0525
vn 0.8994 -0.2212 -0.3771
vn 0.3603 -0.0901 0.9285
vn 0.3617 -0.0217 0.9320
vn 0.3615 -0.0368 0.9316
vn 0.3614 -0.0468 0.9312
vn 0.3613 -0.0526 0.9310
vn 0.3612 -0.0552 0.9308
vn 0.3611 -0.0578 0.9307
vn 0.3610 -0.0638 0.9304
vn 0.3607 -0.0741 0.9297
vn 0.9060 0.2332 -0.3532
vn 0.9192 0.1166 -0.3760
vn 0.9252 0.0549 -0.3754
vn 0.9263 0.0177 -0.3763
vn 0.9263 0.0015 -0.3768
vn 0.9257 -0.0146 -0.3779
vn 0.9233 -0.0511 -0.3808
vn 0.9153 -0.1103 -0.3875
vn 0.4040 0.0407 -0.9139
vn 0.9146 -0.0378 0.4026
vn 0.3611 -0.0554 0.9309
vn -0.0232 -0.0519 0.9984
vn 0.7232 0.0231 -0.6902
vn 0.9996 -0.0194 0.0222
vn 0.6904 -0.0504 0.7217
vn -0.0184 -0.9984 -0.0525
vn -0.0182 -0.9985 -0.0524
vn 0.6885 -0.0559 0.7231
vn 0.9143 -0.0408 0.4030
vn 0.9996 -0.0196 0.0217
vn 0.9323 0.0045 -0.3616
vn 0.7242 0.0279 -0.6890
vn 0.4070 0.0472 -0.9122
vn -0.0275 -0.0597 0.9978
vn 0.3572 -0.0626 0.9319
vn 0.3546 -0.1500 0.9229
vn 0.9086 -0.1309 0.3966
vn 0.4032 -0.0493 -0.9138
vn 0.9268 -0.0892 -0.3648
vn 0.9936 -0.1115 0.0171
vn 0.6840 -0.1444 0.7150
vn -0.0283 -0.1467 0.9888
vn 0.7195 -0.0674 -0.6912
vn 0.3573 -0.0616 0.9320
vn 0.6885 -0.0552 0.7231
vn -0.0275 -0.0586 0.9979
vn 0.4069 0.0463 -0.9123
vn 0.7242 0.0273 -0.6891
vn 0.9323 0.0042 -0.3616
vn 0.9996 -0.0195 0.0218
vn 0.9143 -0.0404 0.4031
vn 0.9324 0.0023 -0.3614
vn 0.4058 0.0425 -0.9130
vn 0.6889 -0.0514 0.7231
vn -0.0170 -0.9983 -0.0549
vn -0.0190 -0.9984 -0.0533
vn -0.0193 -0.9984 -0.0536
vn -0.0181 -0.9984 -0.0531
vn 0.7239 0.0239 -0.6895
vn -0.0264 -0.0538 0.9982
vn 0.9143 -0.0382 0.4033
vn 0.3581 -0.0569 0.9319
vn -0.0178 -0.9984 -0.0538
vn -0.0168 -0.9983 -0.0551
vn -0.0174 -0.9984 -0.0544
vn -0.0186 -0.9984 -0.0530
vn -0.0169 -0.9983 -0.0552
vn 0.6891 -0.0510 0.7229
vn 0.4055 0.0414 -0.9132
vn -0.0190 -0.9984 -0.0534
vn 0.3586 -0.0564 0.9318
vn 0.9143 -0.0380 0.4032
vn -0.0259 -0.0534 0.9982
vn 0.7235 0.0235 -0.6899
vn -0.0174 -0.9984 -0.0547
vn -0.0167 -0.9983 -0.0554
vn 0.0178 0.9984 0.0539
vn -0.0178 -0.9984 -0.0539
vn -0.0168 -0.9983 -0.0552
vn -0.0195 -0.9984 -0.0537
vn 0.3599 -0.0562 0.9313
vn 0.6898 -0.0509 0.7222
vn 0.9145 -0.0379 0.4028
vn -0.0244 -0.0532 0.9983
vn 0.7234 0.0231 -0.6900
vn 0.9323 0.0020 -0.3616
vn -0.0180 -0.9984 -0.0536
vn 0.6951 -0.2338 -0.6798
vn -0.0308 -0.3133 0.9492
vn 0.6599 -0.3112 0.6839
vn 0.9606 -0.2780 0.0074
vn 0.8960 -0.2556 -0.3630
vn 0.3884 -0.2159 -0.8958
vn 0.8778 -0.2976 0.3753
vn 0.3404 -0.3166 0.8854
vn -0.0180 -0.9984 -0.0539
vn -0.0176 -0.9983 -0.0547
vn -0.0176 -0.9983 -0.0548
vn -0.0176 -0.9983 -0.0549
vn -0.0178 -0.9983 -0.0548
vn -0.0182 -0.9983 -0.0546
vn -0.0184 -0.9983 -0.0545
vn -0.0185 -0.9984 -0.0542
vn -0.0184 -0.9984 -0.0540
vn -0.0183 -0.9984 -0.0539
vn -0.0182 -0.9984 -0.0538
vn -0.0181 -0.9984 -0.0539
vn -0.0180 -0.9984 -0.0540
vn -0.0178 -0.9984 -0.0543
vn -0.0177 -0.9984 -0.0545
vn 0.9322 0.0049 -0.3620
vn 0.9996 -0.0196 0.0213
vn 0.9144 -0.0412 0.4027
vn 0.6886 -0.0565 0.7229
vn 0.3572 -0.0629 0.9319
vn -0.0277 -0.0597 0.9978
vn 0.7240 0.0286 -0.6892
vn 0.4047 0.0408 -0.9135
vn 0.3608 -0.0555 0.9310
vn 0.3611 -0.0555 0.9309
vn 0.9324 0.0020 -0.3615
vn 0.9324 0.0021 -0.3614
vn -0.8994 0.2212 0.3770
vn 0.3615 -0.0177 0.9322
vn 0.3601 -0.0956 0.9280
vn 0.3607 -0.0731 0.9298
vn 0.3609 -0.0639 0.9304
vn 0.3610 -0.0583 0.9307
vn 0.3611 -0.0558 0.9309
vn 0.3611 -0.0533 0.9310
vn 0.3612 -0.0477 0.9313
vn 0.3613 -0.0389 0.9316
vn -0.9060 -0.2332 0.3532
vn -0.9192 -0.1166 0.3761
vn -0.9252 -0.0549 0.3754
vn -0.9263 -0.0177 0.3763
vn -0.9263 -0.0015 0.3768
vn -0.9257 0.0146 0.3779
vn -0.9233 0.0511 0.3808
vn -0.9153 0.1103 0.3875
vn 0.9146 -0.0376 0.4026
vn 0.3611 -0.0553 0.9309
vn 0.3609 -0.0562 0.9309
vn 0.9996 -0.0192 0.0222
vn 0.6904 -0.0503 0.7217
vn -0.0231 -0.0520 0.9984
vn 0.0182 0.9985 0.0526
vn -0.0276 -0.0595 0.9978
vn 0.3573 -0.0627 0.9319
vn 0.6886 -0.0564 0.7229
vn 0.9144 -0.0412 0.4026
vn 0.7242 0.0281 -0.6891
vn 0.9298 0.0952 -0.3554
vn 0.9123 0.0532 0.4059
vn 0.3581 0.0341 0.9331
vn 0.9970 0.0727 0.0262
vn 0.6878 0.0396 0.7248
vn -0.0251 0.0376 0.9990
vn 0.9322 0.0045 -0.3620
vn 0.9996 -0.0195 0.0214
vn 0.9144 -0.0407 0.4027
vn 0.6886 -0.0555 0.7230
vn 0.3573 -0.0617 0.9319
vn -0.0275 -0.0584 0.9979
vn 0.3581 -0.0583 0.9319
vn 0.9145 -0.0393 0.4027
vn 0.9321 0.0029 -0.3622
vn 0.0174 0.9983 0.0548
vn -0.0262 -0.0546 0.9982
vn 0.6890 -0.0530 0.7229
vn 0.9996 -0.0195 0.0213
vn 0.0180 0.9983 0.0546
vn 0.0169 0.9983 0.0550
vn 0.0190 0.9984 0.0540
vn 0.0185 0.9984 0.0543
vn -0.0186 -0.9983 -0.0543
vn 0.0187 0.9983 0.0544
vn 0.9320 0.0029 -0.3624
vn 0.9145 -0.0389 0.4027
vn 0.3585 -0.0571 0.9318
vn 0.9996 -0.0195 0.0212
vn 0.6892 -0.0521 0.7227
vn -0.0258 -0.0532 0.9983
vn 0.0183 0.9984 0.0527
vn -0.0191 -0.9984 -0.0541
vn 0.0191 0.9983 0.0542
vn -0.0194 -0.9984 -0.0537
vn 0.9322 0.0027 -0.3619
vn 0.9996 -0.0194 0.0218
vn 0.9146 -0.0384 0.4026
vn 0.6898 -0.0514 0.7221
vn -0.0244 -0.0525 0.9983
vn -0.0216 0.2047 0.9786
vn 0.6702 0.2076 0.7125
vn 0.9700 0.2404 0.0347
vn 0.3504 0.2018 0.9146
vn 0.8880 0.2212 0.4031
vn 0.9048 0.2624 -0.3355
vn 0.9996 -0.0196 0.0216
vn 0.9143 -0.0409 0.4030
vn 0.6885 -0.0561 0.7231
vn -0.0276 -0.0598 0.9978
vn 0.3572 -0.0628 0.9319
vn -0.4068 -0.0479 0.9123
vn 0.4070 0.0474 -0.9122
vn 0.3612 -0.0561 0.9308
vn -0.3602 0.0901 -0.9285
vn -0.3617 0.0217 -0.9320
vn -0.3615 0.0368 -0.9316
vn -0.3614 0.0468 -0.9312
vn -0.3613 0.0526 -0.9310
vn -0.3612 0.0552 -0.9308
vn -0.3611 0.0578 -0.9307
vn -0.3610 0.0638 -0.9304
vn -0.3607 0.0741 -0.9297
vn -0.9192 -0.1166 0.3760
vn -0.4040 -0.0407 0.9139
vn -0.7232 -0.0231 0.6902
vn 0.0184 0.9984 0.0525
vn 0.0182 0.9985 0.0524
vn -0.4032 0.0493 0.9138
vn -0.7195 0.0674 0.6912
vn -0.4069 -0.0463 0.9123
vn -0.7242 -0.0273 0.6891
vn -0.4058 -0.0425 0.9130
vn 0.0170 0.9983 0.0549
vn 0.0190 0.9984 0.0533
vn 0.0193 0.9984 0.0536
vn -0.7239 -0.0239 0.6895
vn 0.0178 0.9984 0.0538
vn 0.0168 0.9983 0.0551
vn 0.0174 0.9984 0.0544
vn -0.4055 -0.0414 0.9132
vn -0.7235 -0.0235 0.6899
vn 0.0195 0.9984 0.0538
vn -0.7234 -0.0231 0.6900
vn 0.0180 0.9984 0.0536
vn -0.6951 0.2338 0.6798
vn -0.3884 0.2159 0.8958
vn 0.0180 0.9984 0.0539
vn 0.0176 0.9983 0.0548
vn 0.0178 0.9983 0.0548
vn 0.0182 0.9983 0.0546
vn 0.0184 0.9983 0.0545
vn 0.0185 0.9984 0.0542
vn 0.0184 0.9984 0.0540
vn 0.0183 0.9984 0.0539
vn 0.0181 0.9984 0.0539
vn 0.0178 0.9984 0.0543
vn -0.9996 0.0196 -0.0213
vn -0.9144 0.0412 -0.4027
vn -0.6886 0.0565 -0.7229
vn -0.3572 0.0629 -0.9319
vn 0.0277 0.0597 -0.9978
vn -0.4047 -0.0408 0.9135
vn 0.8994 -0.2212 -0.3770
vn -0.0180 -0.9984 -0.0541
vn 0.4039 0.0406 -0.9139
vn 0.7232 0.0230 -0.6903
vn 0.9996 -0.0196 0.0212
vn 0.7239 0.0285 -0.6893
vn 0.4067 0.0478 -0.9123
vn 0.4061 0.1352 -0.9038
vn 0.7223 0.1171 -0.6816
vn 0.4067 0.0468 -0.9124
vn 0.7240 0.0278 -0.6893
vn 0.4059 0.0425 -0.9129
vn 0.7236 0.0247 -0.6897
vn 0.4055 0.0422 -0.9131
vn 0.7234 0.0245 -0.6900
vn 0.4047 0.0420 -0.9135
vn 0.7233 0.0243 -0.6901
vn 0.7035 0.2839 -0.6516
vn 0.3970 0.3018 -0.8668
vn 0.0180 0.9984 0.0541
vn 0.9323 0.0046 -0.3616
vn -0.8994 0.2212 0.3771
vn -0.9146 0.0378 -0.4026
vn -0.3611 0.0554 -0.9309
vn 0.0232 0.0519 -0.9984
vn -0.9996 0.0194 -0.0222
vn -0.6904 0.0504 -0.7217
vn -0.6885 0.0559 -0.7231
vn -0.9143 0.0408 -0.4030
vn -0.9996 0.0196 -0.0217
vn -0.9323 -0.0045 0.3616
vn -0.7242 -0.0279 0.6890
vn -0.4070 -0.0472 0.9122
vn 0.0275 0.0597 -0.9978
vn -0.3572 0.0626 -0.9319
vn -0.3546 0.1500 -0.9229
vn -0.9086 0.1309 -0.3966
vn -0.9268 0.0892 0.3648
vn -0.9936 0.1115 -0.0171
vn -0.6840 0.1444 -0.7150
vn 0.0283 0.1467 -0.9888
vn -0.3573 0.0616 -0.9320
vn -0.6885 0.0552 -0.7231
vn 0.0275 0.0586 -0.9979
vn -0.9323 -0.0042 0.3616
vn -0.9996 0.0195 -0.0218
vn -0.9143 0.0404 -0.4031
vn -0.9324 -0.0023 0.3614
vn -0.6889 0.0514 -0.7231
vn 0.0264 0.0538 -0.9982
vn -0.9143 0.0382 -0.4033
vn -0.3581 0.0569 -0.9319
vn -0.6891 0.0510 -0.7229
vn -0.3586 0.0564 -0.9318
vn -0.9143 0.0380 -0.4032
vn 0.0259 0.0534 -0.9982
vn -0.6898 0.0509 -0.7222
vn -0.9145 0.0379 -0.4028
vn 0.0244 0.0532 -0.9983
vn -0.9323 -0.0020 0.3616
vn 0.0308 0.3133 -0.9492
vn -0.6599 0.3112 -0.6839
vn -0.9606 0.2780 -0.0074
vn -0.8960 0.2556 0.3630
vn -0.8778 0.2976 -0.3753
vn -0.3404 0.3166 -0.8854
vn 0.0176 0.9983 0.0547
vn 0.0182 0.9984 0.0538
vn 0.0180 0.9984 0.0540
vn 0.0177 0.9984 0.0545
vn -0.7240 -0.0286 0.6892
vn -0.3608 0.0555 -0.9310
vn -0.9324 -0.0021 0.3614
vn -0.3615 0.0177 -0.9322
vn -0.3601 0.0956 -0.9280
vn -0.3607 0.0731 -0.9298
vn -0.3609 0.0639 -0.9304
vn -0.3610 0.0583 -0.9307
vn -0.3611 0.0558 -0.9309
vn -0.3611 0.0533 -0.9310
vn -0.3612 0.0477 -0.9313
vn -0.3613 0.0389 -0.9316
vn 0.9192 0.1166 -0.3761
vt 0.062500 0.500000
vt 0.125000 0.500000
vt 0.687500 0.541177
vt 0.625000 0.541177
vt 0.875000 0.500000
vt 0.937500 0.500000
vt 0.187500 0.873362
vt 0.125000 0.873362
vt 0.937500 0.541177
vt 0.875000 0.541177
vt 0.812500 0.541177
vt 0.812500 0.500000
vt 0.750000 0.500000
vt 0.750000 0.541177
vt 0.687500 0.500000
vt 0.625000 0.500000
vt 0.562500 0.541177
vt 0.562500 0.500000
vt 0.500000 0.500000
vt 0.500000 0.541177
vt 0.000000 0.000000
vt 0.312500 0.838214
vt 0.312500 0.873361
vt 0.250000 0.838214
vt 0.187500 0.838214
vt 1.000000 0.500000
vt 0.250000 0.873362
vt 0.312500 0.500000
vt 0.375000 0.500000
vt 0.437500 0.500000
vt 0.437500 0.541177
vt 1.000000 0.838214
vt 0.937500 0.838214
vt 0.437500 0.974111
vt 0.500000 0.974111
vt 0.187500 0.500000
vt 1.000000 0.873362
vt 0.937500 0.873362
vt 0.000000 0.500000
vt 0.250000 0.500000
vt 0.312500 0.805210
vt 0.312500 0.772206
vt 0.875000 0.974111
vt 0.937500 0.974111
vt 0.437500 0.873362
vt 0.437500 0.904579
vt 0.937500 0.939345
vt 0.312500 0.739202
vt 0.562500 0.974111
vt 0.312500 0.706198
vt 0.500000 1.000000
vt 0.500000 0.981035
vt 0.437500 0.981035
vt 0.437500 1.000000
vt 0.562500 1.000000
vt 0.562500 0.981035
vt 0.625000 1.000000
vt 0.625000 0.981035
vt 0.687500 1.000000
vt 0.687500 0.981035
vt 0.750000 1.000000
vt 0.750000 0.981035
vt 0.812500 1.000000
vt 0.812500 0.981035
vt 0.875000 1.000000
vt 0.875000 0.981035
vt 0.937500 1.000000
vt 0.937500 0.981035
vt 0.812500 0.974111
vt 0.875000 0.873362
vt 0.076327 0.178062
vt 0.117077 0.117077
vt 0.312500 0.673193
vt 0.937500 0.904579
vt 0.875000 0.904579
vt 0.875000 0.939345
vt 0.812500 0.939345
vt 0.812500 0.904579
vt 0.750000 0.904579
vt 0.750000 0.939345
vt 0.687500 0.939345
vt 0.687500 0.904579
vt 0.625000 0.904579
vt 0.625000 0.939345
vt 0.562500 0.939345
vt 0.562500 0.904579
vt 0.500000 0.904579
vt 0.500000 0.939345
vt 0.625000 0.974111
vt 0.312500 0.640189
vt 0.750000 0.974111
vt 0.437500 0.904579
vt 0.437500 0.939345
vt 0.312500 0.607185
vt 0.687500 0.974111
vt 0.937500 0.904579
vt 0.812500 0.873362
vt 0.312500 0.574181
vt 0.562500 0.873362
vt 0.562500 0.904579
vt 0.500000 0.873362
vt 0.687500 0.904579
vt 0.687500 0.873362
vt 0.625000 0.873362
vt 0.812500 0.904579
vt 0.750000 0.873362
vt 0.312500 0.541177
vt 0.250000 0.805210
vt 0.625000 0.838214
vt 0.687500 0.838214
vt 0.375000 0.838214
vt 0.875000 0.838214
vt 0.812500 0.838214
vt 0.750000 0.838214
vt 0.562500 0.838214
vt 0.500000 0.838214
vt 0.437500 0.838214
vt 0.000000 0.838214
vt 0.062500 0.838214
vt 0.125000 0.838214
vt 0.375000 0.873362
vt 0.062500 0.873362
vt 0.000000 0.873362
vt 0.375000 0.541177
vt 0.178062 0.423673
vt 0.250000 0.437982
vt 0.117077 0.382923
vt 0.076327 0.321938
vt 0.062018 0.250000
vt 0.250000 0.541177
vt 0.178062 0.076327
vt 0.321938 0.423673
vt 0.382923 0.382923
vt 0.250000 0.574181
vt 0.250000 0.607185
vt 0.250000 0.640189
vt 0.250000 0.673193
vt 0.250000 0.706198
vt 0.250000 0.739202
vt 0.250000 0.772206
vt 0.187500 0.541177
vt 0.125000 0.541177
vt 0.062500 0.541177
vt 0.000000 0.541177
vt 1.000000 0.541177
vt 0.125000 1.000000
vt 0.125000 0.981035
vt 0.062500 0.981035
vt 0.062500 1.000000
vt 0.187500 1.000000
vt 0.187500 0.981035
vt 0.250000 1.000000
vt 0.250000 0.981035
vt 0.312500 1.000000
vt 0.312500 0.981035
vt 0.375000 1.000000
vt 0.375000 0.981035
vt 1.000000 1.000000
vt 1.000000 0.981035
vt 0.000000 0.981035
vt 0.000000 1.000000
vt 0.062500 0.939345
vt 0.062500 0.904579
vt 0.000000 0.904579
vt 0.000000 0.939345
vt 0.187500 0.939345
vt 0.187500 0.904579
vt 0.125000 0.904579
vt 0.125000 0.939345
vt 0.375000 0.904579
vt 0.375000 0.939345
vt 0.312500 0.939345
vt 0.312500 0.904579
vt 0.250000 0.904579
vt 0.250000 0.939345
vt 1.000000 0.939345
vt 1.000000 0.904579
vt 0.062500 0.974111
vt 0.000000 0.974111
vt 0.125000 0.974111
vt 1.000000 0.974111
vt 0.375000 0.974111
vt 0.312500 0.974111
vt 0.250000 0.974111
vt 0.187500 0.974111
vt 0.312500 0.904579
vt 0.312500 0.974111
vt 0.250000 0.490000
vt 0.341844 0.471731
vt 0.419706 0.419706
vt 0.471731 0.341844
vt 0.423673 0.321938
vt 0.490000 0.250000
vt 0.437982 0.250000
vt 0.471731 0.158156
vt 0.423673 0.178062
vt 0.419706 0.080294
vt 0.382923 0.117077
vt 0.341844 0.028269
vt 0.321938 0.076327
vt 0.250000 0.010000
vt 0.250000 0.062018
vt 0.158156 0.028269
vt 0.080294 0.080294
vt 0.028269 0.158156
vt 0.010000 0.250000
vt 0.028269 0.341844
vt 0.080294 0.419706
vt 0.158156 0.471731
vt 0.750000 0.490000
vt 0.658156 0.471731
vt 0.580294 0.419706
vt 0.528269 0.341844
vt 0.510000 0.250000
vt 0.528269 0.158156
vt 0.580294 0.080294
vt 0.658156 0.028269
vt 0.750000 0.010000
vt 0.841844 0.028269
vt 0.919706 0.080294
vt 0.971731 0.158156
vt 0.990000 0.250000
vt 0.971731 0.341844
vt 0.919706 0.419706
vt 0.841844 0.471731
s 0
usemtl Cuerpo
f 263/7/3 602/7/3 604/8/3 261/8/3
f 208/21/3 448/21/3 449/21/3 205/21/3
f 116/21/3 607/21/3 621/21/3 130/21/3
f 130/21/3 621/21/3 620/21/3 129/21/3
f 205/21/3 449/21/3 450/21/3 143/21/3
f 287/27/3 586/27/3 602/7/3 263/7/3
f 129/21/3 620/21/3 619/21/3 128/21/3
f 210/21/3 447/21/3 448/21/3 208/21/3
f 128/21/3 619/21/3 618/21/3 127/21/3
f 266/37/3 599/37/3 598/38/3 268/38/3
f 127/21/3 618/21/3 617/21/3 126/21/3
f 254/45/3 556/45/3 501/46/3 253/46/3
f 1/26/3 2/6/3 37/6/3 36/26/3
f 18/1/3 1/39/3 36/39/3 65/1/3
f 2/6/3 3/5/3 39/5/3 37/6/3
f 3/5/3 4/12/3 41/12/3 39/5/3
f 4/12/3 5/13/3 43/13/3 41/12/3
f 5/13/3 6/15/3 45/15/3 43/13/3
f 6/15/3 7/16/3 47/16/3 45/15/3
f 7/16/3 8/18/3 49/18/3 47/16/3
f 8/18/3 9/19/3 51/19/3 49/18/3
f 9/19/3 10/30/3 53/30/3 51/19/3
f 10/30/3 11/29/3 55/29/3 53/30/3
f 11/29/3 12/28/3 57/28/3 55/29/3
f 12/28/3 13/40/3 59/40/3 57/28/3
f 13/40/3 14/36/3 61/36/3 59/40/3
f 14/36/3 16/2/3 63/2/3 61/36/3
f 16/2/3 18/1/3 65/1/3 63/2/3
f 126/21/3 617/21/3 616/21/3 125/21/3
f 125/21/3 616/21/3 615/21/3 124/21/3
f 102/51/15 101/52/15 103/53/15 104/54/15
f 100/55/16 99/56/16 101/52/16 102/51/16
f 98/57/17 97/58/17 99/56/17 100/55/17
f 96/59/18 95/60/18 97/58/18 98/57/18
f 94/61/19 93/62/19 95/60/19 96/59/19
f 92/63/20 91/64/20 93/62/20 94/61/20
f 90/65/21 89/66/21 91/64/21 92/63/21
f 88/67/22 87/68/22 89/66/22 90/65/22
f 268/38/3 598/38/3 590/70/3 270/70/3
f 334/71/23 350/71/23 349/72/23 333/72/23
f 124/21/3 615/21/3 614/21/3 123/21/3
f 123/21/3 614/21/3 613/21/3 122/21/3
f 122/21/3 613/21/3 612/21/3 121/21/3
f 153/68/32 154/44/32 156/43/32 155/66/32
f 155/66/33 156/43/33 158/69/33 157/64/33
f 157/64/34 158/69/34 160/91/34 159/62/34
f 159/62/35 160/91/35 162/95/35 161/60/35
f 161/60/36 162/95/36 164/89/36 163/58/36
f 163/58/37 164/89/37 166/49/37 165/56/37
f 165/56/38 166/49/38 168/35/38 167/52/38
f 167/52/39 168/35/39 170/34/39 169/53/39
f 184/96/3 493/96/3 562/38/3 183/38/3
f 270/70/3 590/70/3 592/97/3 272/97/3
f 121/21/3 612/21/3 611/21/3 120/21/3
f 249/100/40 250/99/40 252/101/40 251/87/40
f 245/102/41 246/103/41 248/104/41 247/83/41
f 180/105/42 179/97/42 244/106/42 243/79/42
f 184/96/43 183/38/43 181/70/43 182/75/43
f 120/21/3 611/21/3 610/21/3 119/21/3
f 119/21/3 610/21/3 609/21/3 118/21/3
f 226/106/44 244/106/44 179/97/44 228/97/44
f 118/21/3 609/21/3 608/21/3 117/21/3
f 251/87/45 252/101/45 254/45/45 253/46/45
f 247/83/46 248/104/46 250/99/46 249/100/46
f 243/79/47 244/106/47 246/103/47 245/102/47
f 182/75/48 181/70/48 179/97/48 180/105/48
f 117/21/3 608/21/3 606/21/3 115/21/3
f 224/103/49 246/103/49 244/106/49 226/106/49
f 115/21/3 606/21/3 607/21/3 116/21/3
f 228/97/50 179/97/50 181/70/50 230/70/50
f 220/99/51 250/99/51 248/104/51 222/104/51
f 183/38/3 562/38/3 563/70/3 181/70/3
f 201/21/3 509/21/3 504/21/3 203/21/3
f 222/104/52 248/104/52 246/103/52 224/103/52
f 142/21/3 506/21/3 508/21/3 140/21/3
f 361/40/3 634/40/3 642/40/3 369/40/3
f 146/21/3 503/21/3 506/21/3 142/21/3
f 203/21/3 504/21/3 447/21/3 210/21/3
f 250/99/3 561/99/3 560/101/3 252/101/3
f 280/99/3 597/99/3 596/101/3 282/101/3
f 143/21/3 450/21/3 503/21/3 146/21/3
f 252/101/3 560/101/3 556/45/3 254/45/3
f 253/46/3 501/46/3 500/87/3 251/87/3
f 282/101/3 596/101/3 593/45/3 284/45/3
f 251/87/3 500/87/3 499/100/3 249/100/3
f 369/40/3 642/40/3 640/28/3 367/28/3
f 249/100/3 499/100/3 498/83/3 247/83/3
f 247/83/3 498/83/3 497/102/3 245/102/3
f 284/45/3 593/45/3 594/121/3 286/121/3
f 245/102/3 497/102/3 496/79/3 243/79/3
f 261/8/3 259/122/3 241/122/3 237/8/3
f 243/79/3 496/79/3 495/105/3 180/105/3
f 259/122/3 266/123/3 240/123/3 241/122/3
f 263/7/3 261/8/3 237/8/3 235/7/3
f 287/27/3 263/7/3 235/7/3 233/27/3
f 266/37/3 268/38/3 232/38/3 240/37/3
f 180/105/3 495/105/3 494/75/3 182/75/3
f 268/38/3 270/70/3 230/70/3 232/38/3
f 38/9/80 40/10/80 269/112/80 267/33/80
f 270/70/3 272/97/3 228/97/3 230/70/3
f 40/10/81 42/11/81 271/113/81 269/112/81
f 272/97/3 274/106/3 226/106/3 228/97/3
f 42/11/82 44/14/82 273/114/82 271/113/82
f 44/14/83 46/3/83 275/110/83 273/114/83
f 274/106/3 276/103/3 224/103/3 226/106/3
f 46/3/84 48/4/84 277/109/84 275/110/84
f 276/103/3 278/104/3 222/104/3 224/103/3
f 48/4/85 50/17/85 279/115/85 277/109/85
f 278/104/3 280/99/3 220/99/3 222/104/3
f 50/17/86 52/20/86 281/116/86 279/115/86
f 280/99/3 282/101/3 218/101/3 220/99/3
f 52/20/87 54/31/87 283/117/87 281/116/87
f 282/101/3 284/45/3 216/45/3 218/101/3
f 285/111/3 357/111/3 356/124/3 56/124/3
f 284/45/3 286/121/3 214/121/3 216/45/3
f 182/75/3 494/75/3 493/96/3 184/96/3
f 286/121/3 290/23/3 212/23/3 214/121/3
f 75/40/3 415/40/3 634/40/3 361/40/3
f 290/23/3 287/27/3 233/27/3 212/23/3
f 236/24/3 579/24/3 639/24/3 365/24/3
f 290/23/3 585/23/3 586/27/3 287/27/3
f 338/125/3 485/125/3 471/126/3 324/126/3
f 337/127/3 484/127/3 485/125/3 338/125/3
f 336/128/3 483/128/3 484/127/3 337/127/3
f 335/129/3 482/129/3 483/128/3 336/128/3
f 334/71/3 481/71/3 482/129/3 335/129/3
f 362/130/3 635/130/3 636/107/3 360/107/3
f 333/72/3 480/72/3 481/71/3 334/71/3
f 220/99/3 573/99/3 561/99/3 250/99/3
f 332/131/3 479/131/3 480/72/3 333/72/3
f 38/9/3 436/9/3 428/10/3 40/10/3
f 151/21/3 525/21/3 538/21/3 178/21/3
f 357/111/3 632/111/3 631/124/3 356/124/3
f 177/21/3 537/21/3 526/21/3 152/21/3
f 355/31/3 630/31/3 633/117/3 358/117/3
f 335/129/96 351/129/96 350/71/96 334/71/96
f 323/132/3 470/132/3 472/133/3 325/133/3
f 336/128/97 352/128/97 351/129/97 335/129/97
f 178/21/3 538/21/3 536/21/3 176/21/3
f 337/127/98 353/127/98 352/128/98 336/128/98
f 358/117/3 633/117/3 632/111/3 357/111/3
f 338/125/99 354/125/99 353/127/99 337/127/99
f 324/126/3 471/126/3 470/132/3 323/132/3
f 323/132/100 339/132/100 340/126/100 324/126/100
f 324/126/101 340/126/101 354/125/101 338/125/101
f 325/133/102 341/133/102 339/132/102 323/132/102
f 333/72/103 349/72/103 348/131/103 332/131/103
f 356/124/3 631/124/3 630/31/3 355/31/3
f 85/21/3 468/21/3 455/21/3 84/21/3
f 54/31/3 355/31/3 358/117/3 283/117/3
f 56/124/3 356/124/3 355/31/3 54/31/3
f 283/117/3 358/117/3 357/111/3 285/111/3
f 361/40/1 369/40/1 367/28/1 359/28/1
f 175/21/3 535/21/3 537/21/3 177/21/3
f 236/24/1 365/24/1 366/22/1 242/22/1
f 75/40/1 361/40/1 359/28/1 73/28/1
f 325/133/3 472/133/3 623/133/3 341/133/3
f 83/21/3 454/21/3 469/21/3 86/21/3
f 176/21/3 536/21/3 534/21/3 174/21/3
f 365/24/1 373/24/1 374/22/1 366/22/1
f 360/107/106 368/107/106 370/130/106 362/130/106
f 348/131/3 629/131/3 479/131/3 332/131/3
f 87/21/3 466/21/3 468/21/3 85/21/3
f 86/21/3 469/21/3 467/21/3 88/21/3
f 173/21/3 533/21/3 535/21/3 175/21/3
f 174/21/3 534/21/3 532/21/3 172/21/3
f 171/21/3 531/21/3 533/21/3 173/21/3
f 88/67/3 467/67/3 466/68/3 87/68/3
f 172/21/3 532/21/3 530/21/3 170/21/3
f 169/21/3 529/21/3 531/21/3 171/21/3
f 170/34/3 530/34/3 529/53/3 169/53/3
f 56/124/3 434/124/3 591/111/3 285/111/3
f 52/20/3 433/20/3 435/31/3 54/31/3
f 54/31/3 435/31/3 434/124/3 56/124/3
f 453/146/134 452/147/134 455/148/134 454/149/134
f 457/150/135 456/151/135 452/147/135 453/146/135
f 459/152/136 458/153/136 456/151/136 457/150/136
f 461/154/137 460/155/137 458/153/137 459/152/137
f 463/156/138 462/157/138 460/155/138 461/154/138
f 465/54/139 464/53/139 462/157/139 463/156/139
f 469/158/140 468/159/140 466/68/140 467/67/140
f 454/149/141 455/148/141 468/160/141 469/161/141
f 522/148/150 521/178/150 524/179/150 523/160/150
f 526/147/151 525/180/151 521/178/151 522/148/151
f 523/159/152 524/181/152 528/44/152 527/68/152
f 529/53/153 530/34/153 532/182/153 531/157/153
f 531/157/154 532/182/154 534/183/154 533/155/154
f 533/155/155 534/183/155 536/184/155 535/153/155
f 535/153/156 536/184/156 538/185/156 537/151/156
f 537/151/157 538/185/157 525/180/157 526/147/157
f 544/186/158 545/23/158 490/27/158 491/174/158
f 501/46/159 556/45/159 555/121/159 541/170/159
f 491/174/130 490/27/130 488/7/130 489/167/130
f 487/168/160 486/8/160 559/122/160 557/163/160
f 569/38/161 562/38/161 558/37/161 565/37/161
f 574/45/162 556/45/162 560/101/162 572/101/162
f 572/101/163 560/101/163 561/99/163 573/99/163
f 568/8/164 486/8/164 488/7/164 570/7/164
f 541/170/165 555/121/165 545/23/165 544/186/165
f 492/177/166 558/37/166 562/38/166 493/96/166
f 489/167/167 488/7/167 486/8/167 487/168/167
f 557/163/168 559/122/168 558/123/168 492/164/168
f 570/7/2 488/7/2 490/27/2 571/27/2
f 571/27/13 490/27/13 545/23/13 564/23/13
f 566/122/169 559/122/169 486/8/169 568/8/169
f 564/23/73 545/23/73 555/121/73 575/121/73
f 567/70/170 563/70/170 562/38/170 569/38/170
f 565/123/171 558/123/171 559/122/171 566/122/171
f 575/121/172 555/121/172 556/45/172 574/45/172
f 427/143/187 426/144/187 601/118/187 605/119/187
f 430/142/188 427/143/188 605/119/188 595/120/188
f 431/141/189 430/142/189 595/120/189 603/25/189
f 432/130/130 431/141/130 603/25/130 588/24/130
f 426/145/190 436/9/190 600/33/190 601/32/190
f 434/124/191 429/107/191 589/22/191 591/111/191
f 429/107/192 432/130/192 588/24/192 589/22/192
f 471/126/203 607/188/203 606/189/203 470/132/203
f 470/132/204 606/189/204 608/190/204 472/133/204
f 472/133/205 608/190/205 609/191/205 473/192/205
f 473/192/206 609/191/206 610/193/206 474/194/206
f 474/194/65 610/193/65 611/195/65 475/196/65
f 475/196/207 611/195/207 612/197/207 476/198/207
f 476/198/208 612/197/208 613/199/208 477/200/208
f 477/200/52 613/199/52 614/201/52 478/202/52
f 478/202/209 614/201/209 615/203/209 479/131/209
f 479/131/210 615/203/210 616/204/210 480/72/210
f 480/72/211 616/204/211 617/205/211 481/71/211
f 481/71/212 617/205/212 618/206/212 482/129/212
f 482/129/213 618/206/213 619/207/213 483/128/213
f 483/128/214 619/207/214 620/208/214 484/127/214
f 484/127/215 620/208/215 621/209/215 485/125/215
f 485/125/216 621/209/216 607/188/216 471/126/216
f 474/194/217 624/194/217 622/192/217 473/192/217
f 475/196/218 625/196/218 624/194/218 474/194/218
f 476/198/219 626/198/219 625/196/219 475/196/219
f 477/200/220 627/200/220 626/198/220 476/198/220
f 478/202/221 628/202/221 627/200/221 477/200/221
f 479/131/222 629/131/222 628/202/222 478/202/222
f 473/192/223 622/192/223 623/133/223 472/133/223
f 630/31/224 631/124/224 632/111/224 633/117/224
f 240/123/3 565/123/3 566/122/3 241/122/3
f 114/21/3 453/21/3 454/21/3 83/21/3
f 181/70/3 563/70/3 567/70/3 230/70/3
f 261/8/3 604/8/3 587/122/3 259/122/3
f 241/122/3 566/122/3 568/8/3 237/8/3
f 84/21/3 455/21/3 452/21/3 113/21/3
f 237/8/3 568/8/3 570/7/3 235/7/3
f 148/21/3 522/21/3 523/21/3 149/21/3
f 112/21/3 457/21/3 453/21/3 114/21/3
f 259/122/3 587/122/3 599/123/3 266/123/3
f 235/7/3 570/7/3 571/27/3 233/27/3
f 113/21/3 452/21/3 456/21/3 111/21/3
f 232/38/3 569/38/3 565/37/3 240/37/3
f 150/21/3 524/21/3 521/21/3 147/21/3
f 110/21/3 459/21/3 457/21/3 112/21/3
f 230/70/3 567/70/3 569/38/3 232/38/3
f 152/21/3 526/21/3 522/21/3 148/21/3
f 111/21/3 456/21/3 458/21/3 109/21/3
f 147/21/3 521/21/3 525/21/3 151/21/3
f 149/21/3 523/21/3 527/21/3 153/21/3
f 108/21/3 461/21/3 459/21/3 110/21/3
f 153/68/3 527/68/3 528/44/3 154/44/3
f 109/21/3 458/21/3 460/21/3 107/21/3
f 154/21/3 528/21/3 524/21/3 150/21/3
f 106/21/3 463/21/3 461/21/3 108/21/3
f 107/21/3 460/21/3 462/21/3 105/21/3
f 103/53/3 464/53/3 465/54/3 104/54/3
f 104/21/3 465/21/3 463/21/3 106/21/3
f 341/133/3 623/133/3 622/192/3 342/192/3
f 218/101/3 572/101/3 573/99/3 220/99/3
f 105/21/3 462/21/3 464/21/3 103/21/3
f 342/192/3 622/192/3 624/194/3 343/194/3
f 267/33/3 600/33/3 436/9/3 38/9/3
f 216/45/3 574/45/3 572/101/3 218/101/3
f 343/194/3 624/194/3 625/196/3 344/196/3
f 344/196/3 625/196/3 626/198/3 345/198/3
f 214/121/3 575/121/3 574/45/3 216/45/3
f 345/198/3 626/198/3 627/200/3 346/200/3
f 346/200/3 627/200/3 628/202/3 347/202/3
f 212/23/3 564/23/3 575/121/3 214/121/3
f 347/202/3 628/202/3 629/131/3 348/131/3
f 233/27/3 571/27/3 564/23/3 212/23/3
f 812/7/3 805/8/3 806/8/3 813/7/3
f 762/21/3 763/21/3 811/21/3 823/21/3
f 964/21/3 810/21/3 809/21/3 965/21/3
f 810/21/3 815/21/3 814/21/3 809/21/3
f 763/21/3 764/21/3 983/21/3 811/21/3
f 1015/27/3 812/7/3 813/7/3 1049/27/3
f 815/21/3 829/21/3 828/21/3 814/21/3
f 761/21/3 762/21/3 823/21/3 976/21/3
f 829/21/3 844/21/3 843/21/3 828/21/3
f 840/37/3 867/38/3 866/38/3 839/37/3
f 844/21/3 847/21/3 846/21/3 843/21/3
f 949/45/3 838/46/3 991/46/3 988/45/3
f 389/26/3 686/26/3 726/6/3 388/6/3
f 186/1/3 687/1/3 686/39/3 389/39/3
f 388/6/3 726/6/3 724/5/3 384/5/3
f 384/5/3 724/5/3 709/12/3 372/12/3
f 372/12/3 709/12/3 705/13/3 330/13/3
f 330/13/3 705/13/3 719/15/3 327/15/3
f 327/15/3 719/15/3 716/16/3 321/16/3
f 321/16/3 716/16/3 693/18/3 318/18/3
f 318/18/3 693/18/3 713/19/3 305/19/3
f 305/19/3 713/19/3 712/30/3 300/30/3
f 300/30/3 712/30/3 708/29/3 256/29/3
f 256/29/3 708/29/3 704/28/3 209/28/3
f 209/28/3 704/28/3 700/40/3 204/40/3
f 204/40/3 700/40/3 696/36/3 192/36/3
f 192/36/3 696/36/3 692/2/3 189/2/3
f 189/2/3 692/2/3 687/1/3 186/1/3
f 847/21/3 862/21/3 861/21/3 846/21/3
f 862/21/3 869/21/3 868/21/3 861/21/3
f 782/51/254 34/54/254 35/53/254 781/52/254
f 784/55/255 782/51/255 781/52/255 783/56/255
f 786/57/256 784/55/256 783/56/256 785/58/256
f 788/59/257 786/57/257 785/58/257 787/60/257
f 867/38/3 913/70/3 912/70/3 866/38/3
f 818/71/258 816/72/258 1092/72/258 1093/71/258
f 869/21/3 874/21/3 873/21/3 868/21/3
f 874/21/3 905/21/3 904/21/3 873/21/3
f 905/21/3 931/21/3 930/21/3 904/21/3
f 879/64/265 881/62/265 882/91/265 880/69/265
f 881/62/266 883/60/266 884/95/266 882/91/266
f 883/60/267 885/58/267 886/89/267 884/95/267
f 885/58/268 887/56/268 888/49/268 886/89/268
f 887/56/269 889/52/269 890/35/269 888/49/269
f 889/52/270 891/53/270 892/34/270 890/35/270
f 830/96/3 962/38/3 968/38/3 1038/96/3
f 913/70/3 1019/97/3 1018/97/3 912/70/3
f 931/21/3 940/21/3 939/21/3 930/21/3
f 836/100/271 837/87/271 950/101/271 952/99/271
f 834/102/272 835/83/272 954/104/272 957/103/272
f 832/105/273 833/79/273 960/106/273 963/97/273
f 940/21/3 944/21/3 943/21/3 939/21/3
f 944/21/3 948/21/3 947/21/3 943/21/3
f 982/106/274 979/97/274 963/97/274 960/106/274
f 948/21/3 956/21/3 955/21/3 947/21/3
f 837/87/275 838/46/275 949/45/275 950/101/275
f 835/83/276 836/100/276 952/99/276 954/104/276
f 833/79/277 834/102/277 957/103/277 960/106/277
f 956/21/3 959/21/3 958/21/3 955/21/3
f 978/103/278 982/106/278 960/106/278 957/103/278
f 959/21/3 964/21/3 965/21/3 958/21/3
f 979/97/279 776/70/279 961/70/279 963/97/279
f 984/99/280 977/104/280 954/104/280 952/99/280
f 962/38/3 961/70/3 969/70/3 968/38/3
f 849/21/3 842/21/3 975/21/3 1051/21/3
f 977/104/281 978/103/281 957/103/281 954/104/281
f 845/21/3 848/21/3 1066/21/3 970/21/3
f 1040/40/3 1004/40/3 1003/40/3 1041/40/3
f 841/21/3 845/21/3 970/21/3 985/21/3
f 842/21/3 761/21/3 976/21/3 975/21/3
f 952/99/3 950/101/3 986/101/3 1064/99/3
f 981/99/3 996/101/3 995/101/3 980/99/3
f 764/21/3 841/21/3 985/21/3 983/21/3
f 950/101/3 949/45/3 988/45/3 986/101/3
f 838/46/3 837/87/3 997/87/3 991/46/3
f 996/101/3 1008/45/3 1007/45/3 995/101/3
f 837/87/3 836/100/3 1005/100/3 997/87/3
f 1004/40/3 1010/28/3 1009/28/3 1003/40/3
f 836/100/3 835/83/3 1006/83/3 1005/100/3
f 835/83/3 834/102/3 1016/102/3 1006/83/3
f 1008/45/3 1020/121/3 1118/121/3 1007/45/3
f 834/102/3 833/79/3 1033/79/3 1016/102/3
f 805/8/3 771/8/3 797/122/3 774/122/3
f 833/79/3 832/105/3 1035/105/3 1033/79/3
f 774/122/3 797/122/3 780/123/3 840/123/3
f 812/7/3 765/7/3 771/8/3 805/8/3
f 1015/27/3 736/27/3 765/7/3 812/7/3
f 840/37/3 780/37/3 733/38/3 867/38/3
f 832/105/3 831/75/3 1036/75/3 1035/105/3
f 867/38/3 733/38/3 776/70/3 913/70/3
f 913/70/3 776/70/3 979/97/3 1019/97/3
f 1019/97/3 979/97/3 982/106/3 1029/106/3
f 714/11/294 1032/113/294 1030/114/294 717/14/294
f 717/14/295 1030/114/295 1028/110/295 718/3/295
f 1029/106/3 982/106/3 978/103/3 1027/103/3
f 718/3/296 1028/110/296 1026/109/296 715/4/296
f 1027/103/3 978/103/3 977/104/3 1025/104/3
f 715/4/297 1026/109/297 1024/115/297 697/17/297
f 1025/104/3 977/104/3 984/99/3 981/99/3
f 697/17/187 1024/115/187 1023/116/187 701/20/187
f 981/99/3 984/99/3 141/101/3 996/101/3
f 701/20/298 1023/116/298 1022/117/298 710/31/298
f 996/101/3 141/101/3 187/45/3 1008/45/3
f 1021/111/3 711/124/3 1085/124/3 1079/111/3
f 1008/45/3 187/45/3 238/121/3 1020/121/3
f 831/75/3 830/96/3 1038/96/3 1036/75/3
f 1020/121/3 238/121/3 987/23/3 1014/23/3
f 80/40/3 1040/40/3 1041/40/3 1039/40/3
f 1014/23/3 987/23/3 736/27/3 1015/27/3
f 992/24/3 1046/24/3 1047/24/3 1148/24/3
f 1014/23/3 1015/27/3 1049/27/3 1048/23/3
f 822/125/3 802/126/3 1081/126/3 1054/125/3
f 821/127/3 822/125/3 1054/125/3 1055/127/3
f 820/128/3 821/127/3 1055/127/3 1056/128/3
f 819/129/3 820/128/3 1056/128/3 1057/129/3
f 818/71/3 819/129/3 1057/129/3 1062/71/3
f 1059/130/3 1060/107/3 1061/107/3 1058/130/3
f 816/72/3 818/71/3 1062/71/3 1065/72/3
f 984/99/3 952/99/3 1064/99/3 1063/99/3
f 817/131/3 816/72/3 1065/72/3 1112/131/3
f 725/9/3 685/10/3 1069/10/3 1068/9/3
f 876/21/3 906/21/3 1076/21/3 1071/21/3
f 1079/111/3 1085/124/3 1084/124/3 1080/111/3
f 903/21/3 875/21/3 1073/21/3 1101/21/3
f 1098/31/3 1078/117/3 1077/117/3 1099/31/3
f 801/132/3 803/133/3 1103/133/3 1082/132/3
f 820/128/305 819/129/305 1094/129/305 1095/128/305
f 906/21/3 902/21/3 1107/21/3 1076/21/3
f 821/127/306 820/128/306 1095/128/306 1096/127/306
f 1078/117/3 1079/111/3 1080/111/3 1077/117/3
f 822/125/307 821/127/307 1096/127/307 1097/125/307
f 802/126/3 801/132/3 1082/132/3 1081/126/3
f 801/132/308 802/126/308 1087/126/308 1086/132/308
f 802/126/309 822/125/309 1097/125/309 1087/126/309
f 803/133/310 801/132/310 1086/132/310 1088/133/310
f 816/72/311 817/131/311 1091/131/311 1092/72/311
f 1085/124/3 1098/31/3 1099/31/3 1084/124/3
f 800/21/3 773/21/3 1100/21/3 1114/21/3
f 710/31/3 1022/117/3 1078/117/3 1098/31/3
f 711/124/3 710/31/3 1098/31/3 1085/124/3
f 1022/117/3 1021/111/3 1079/111/3 1078/117/3
f 900/21/3 903/21/3 1101/21/3 1122/21/3
f 803/133/3 1088/133/3 1104/133/3 1103/133/3
f 770/21/3 799/21/3 1121/21/3 1106/21/3
f 902/21/3 899/21/3 1125/21/3 1107/21/3
f 1046/24/106 1108/22/106 972/22/106 1115/24/106
f 1060/107/1 1059/130/1 1113/130/1 1011/107/1
f 1091/131/3 817/131/3 1112/131/3 1111/131/3
f 795/21/3 800/21/3 1114/21/3 1135/21/3
f 799/21/3 796/21/3 1127/21/3 1121/21/3
f 897/21/3 900/21/3 1122/21/3 1126/21/3
f 899/21/3 896/21/3 1136/21/3 1125/21/3
f 893/21/3 897/21/3 1126/21/3 1137/21/3
f 796/67/3 795/68/3 1135/68/3 1127/67/3
f 896/21/3 892/21/3 1138/21/3 1136/21/3
f 891/21/3 893/21/3 1137/21/3 1139/21/3
f 892/34/3 891/53/3 1139/53/3 1138/34/3
f 711/124/3 1021/111/3 1140/111/3 1150/124/3
f 701/20/3 710/31/3 1149/31/3 1142/20/3
f 710/31/3 711/124/3 1150/124/3 1149/31/3
f 1139/53/329 1137/157/329 1136/182/329 1138/34/329
f 1137/157/330 1126/155/330 1125/183/330 1136/182/330
f 991/46/331 1185/170/331 1193/121/331 988/45/331
f 732/38/332 779/37/332 1195/37/332 968/38/332
f 188/45/333 144/101/333 986/101/333 988/45/333
f 144/101/334 1063/99/334 1064/99/334 986/101/334
f 772/8/77 766/7/77 1176/7/77 1174/8/77
f 1185/170/335 1186/186/335 1187/23/335 1193/121/335
f 766/7/62 737/27/62 1178/27/62 1176/7/62
f 737/27/253 1197/23/253 1187/23/253 1178/27/253
f 798/122/336 772/8/336 1174/8/336 1196/122/336
f 1197/23/290 255/121/290 1193/121/290 1187/23/290
f 777/70/337 732/38/337 968/38/337 969/70/337
f 779/123/338 798/122/338 1196/122/338 1195/123/338
f 255/121/66 188/45/66 988/45/66 1193/121/66
f 1150/124/342 1140/111/342 1042/22/342 1159/107/342
f 1082/132/347 1103/133/347 955/190/347 958/189/347
f 1168/192/348 1169/194/348 943/193/348 947/191/348
f 1169/194/64 1170/196/64 939/195/64 943/193/64
f 1170/196/349 1171/198/349 930/197/349 939/195/349
f 1171/198/350 1172/200/350 904/199/350 930/197/350
f 1172/200/281 1173/202/281 873/201/281 904/199/281
f 1173/202/351 1112/131/351 868/203/351 873/201/351
f 1112/131/352 1065/72/352 861/204/352 868/203/352
f 1065/72/353 1062/71/353 846/205/353 861/204/353
f 1057/129/354 1056/128/354 828/207/354 843/206/354
f 1055/127/355 1054/125/355 809/209/355 814/208/355
f 1169/194/20 1168/192/20 64/192/20 145/194/20
f 1170/196/356 1169/194/356 145/194/356 190/196/356
f 1171/198/357 1170/196/357 190/196/357 193/198/357
f 1172/200/358 1171/198/358 193/198/358 1198/200/358
f 1173/202/359 1172/200/359 1198/200/359 1199/202/359
f 1112/131/360 1173/202/360 1199/202/360 1111/131/360
f 1099/31/361 1077/117/361 1080/111/361 1084/124/361
f 780/123/3 797/122/3 798/122/3 779/123/3
f 769/21/3 770/21/3 1106/21/3 778/21/3
f 961/70/3 776/70/3 777/70/3 969/70/3
f 805/8/3 774/122/3 775/122/3 806/8/3
f 797/122/3 771/8/3 772/8/3 798/122/3
f 773/21/3 767/21/3 768/21/3 1100/21/3
f 771/8/3 765/7/3 766/7/3 772/8/3
f 758/21/3 759/21/3 760/21/3 757/21/3
f 739/21/3 769/21/3 778/21/3 738/21/3
f 774/122/3 840/123/3 839/123/3 775/122/3
f 765/7/3 736/27/3 737/27/3 766/7/3
f 767/21/3 734/21/3 735/21/3 768/21/3
f 733/38/3 780/37/3 779/37/3 732/38/3
f 729/21/3 730/21/3 731/21/3 728/21/3
f 723/21/3 739/21/3 738/21/3 722/21/3
f 776/70/3 733/38/3 732/38/3 777/70/3
f 875/21/3 758/21/3 757/21/3 1073/21/3
f 734/21/3 720/21/3 721/21/3 735/21/3
f 730/21/3 876/21/3 1071/21/3 731/21/3
f 759/21/3 706/21/3 707/21/3 760/21/3
f 699/21/3 723/21/3 722/21/3 698/21/3
f 706/68/3 694/44/3 695/44/3 707/68/3
f 720/21/3 688/21/3 689/21/3 721/21/3
f 694/21/3 729/21/3 728/21/3 695/21/3
f 680/21/3 699/21/3 698/21/3 679/21/3
f 688/21/3 675/21/3 676/21/3 689/21/3
f 35/53/3 34/54/3 672/54/3 58/53/3
f 34/21/3 680/21/3 679/21/3 672/21/3
f 1088/133/3 66/192/3 64/192/3 1104/133/3
f 141/101/3 984/99/3 1063/99/3 144/101/3
f 675/21/3 35/21/3 58/21/3 676/21/3
f 66/192/3 185/194/3 145/194/3 64/192/3
f 826/33/3 725/9/3 1068/9/3 827/33/3
f 187/45/3 141/101/3 144/101/3 188/45/3
f 185/194/3 191/196/3 190/196/3 145/194/3
f 191/196/3 194/198/3 193/198/3 190/196/3
f 238/121/3 187/45/3 188/45/3 255/121/3
f 194/198/3 1089/200/3 1198/200/3 193/198/3
f 1089/200/3 1090/202/3 1199/202/3 1198/200/3
f 987/23/3 238/121/3 255/121/3 1197/23/3
f 1090/202/3 1091/131/3 1111/131/3 1199/202/3
f 736/27/3 987/23/3 1197/23/3 737/27/3
f 129/21/3 128/21/3 829/21/3 815/21/3
f 130/21/3 129/21/3 815/21/3 810/21/3
f 84/21/3 113/21/3 767/21/3 773/21/3
f 116/21/3 130/21/3 810/21/3 964/21/3
f 112/21/3 114/21/3 769/21/3 739/21/3
f 113/21/3 111/21/3 734/21/3 767/21/3
f 148/21/3 149/21/3 759/21/3 758/21/3
f 110/21/3 112/21/3 739/21/3 723/21/3
f 150/21/3 147/21/3 730/21/3 729/21/3
f 111/21/3 109/21/3 720/21/3 734/21/3
f 152/21/3 148/21/3 758/21/3 875/21/3
f 108/21/3 110/21/3 723/21/3 699/21/3
f 147/21/3 151/21/3 876/21/3 730/21/3
f 109/21/3 107/21/3 688/21/3 720/21/3
f 149/21/3 153/21/3 706/21/3 759/21/3
f 106/21/3 108/21/3 699/21/3 680/21/3
f 154/21/3 150/21/3 729/21/3 694/21/3
f 107/21/3 105/21/3 675/21/3 688/21/3
f 153/68/3 155/66/3 877/66/3 706/68/3
f 104/21/3 106/21/3 680/21/3 34/21/3
f 156/43/3 154/44/3 694/44/3 878/43/3
f 105/21/3 103/21/3 35/21/3 675/21/3
f 155/66/3 157/64/3 879/64/3 877/66/3
f 102/51/3 104/54/3 34/54/3 782/51/3
f 158/69/3 156/43/3 878/43/3 880/69/3
f 103/53/3 101/52/3 781/52/3 35/53/3
f 157/64/3 159/62/3 881/62/3 879/64/3
f 100/55/3 102/51/3 782/51/3 784/55/3
f 160/91/3 158/69/3 880/69/3 882/91/3
f 101/52/3 99/56/3 783/56/3 781/52/3
f 159/62/3 161/60/3 883/60/3 881/62/3
f 143/21/3 146/21/3 841/21/3 764/21/3
f 98/57/3 100/55/3 784/55/3 786/57/3
f 162/95/3 160/91/3 882/91/3 884/95/3
f 203/21/3 210/21/3 761/21/3 842/21/3
f 99/56/3 97/58/3 785/58/3 783/56/3
f 161/60/3 163/58/3 885/58/3 883/60/3
f 370/130/3 368/107/3 1011/107/3 1113/130/3
f 146/21/3 142/21/3 845/21/3 841/21/3
f 96/59/3 98/57/3 786/57/3 788/59/3
f 164/89/3 162/95/3 884/95/3 886/89/3
f 97/58/3 95/60/3 787/60/3 785/58/3
f 163/58/3 165/56/3 887/56/3 885/58/3
f 374/22/3 373/24/3 1115/24/3 972/22/3
f 142/21/3 140/21/3 848/21/3 845/21/3
f 201/21/3 203/21/3 842/21/3 849/21/3
f 94/61/3 96/59/3 788/59/3 790/61/3
f 166/49/3 164/89/3 886/89/3 888/49/3
f 95/60/3 93/62/3 789/62/3 787/60/3
f 165/56/3 167/52/3 889/52/3 887/56/3
f 92/63/3 94/61/3 790/61/3 792/63/3
f 168/35/3 166/49/3 888/49/3 890/35/3
f 93/62/3 91/64/3 791/64/3 789/62/3
f 167/52/3 169/53/3 891/53/3 889/52/3
f 90/65/3 92/63/3 792/63/3 794/65/3
f 170/34/3 168/35/3 890/35/3 892/34/3
f 373/24/3 365/24/3 1046/24/3 1115/24/3
f 91/64/3 89/66/3 793/66/3 791/64/3
f 169/21/3 171/21/3 893/21/3 891/21/3
f 362/130/3 370/130/3 1113/130/3 1059/130/3
f 115/21/3 116/21/3 964/21/3 959/21/3
f 88/67/3 90/65/3 794/65/3 796/67/3
f 172/21/3 170/21/3 892/21/3 896/21/3
f 117/21/3 115/21/3 959/21/3 956/21/3
f 89/66/3 87/68/3 795/68/3 793/66/3
f 171/21/3 173/21/3 897/21/3 893/21/3
f 118/21/3 117/21/3 956/21/3 948/21/3
f 119/21/3 118/21/3 948/21/3 944/21/3
f 86/21/3 88/21/3 796/21/3 799/21/3
f 120/21/3 119/21/3 944/21/3 940/21/3
f 174/21/3 172/21/3 896/21/3 899/21/3
f 87/21/3 85/21/3 800/21/3 795/21/3
f 121/21/3 120/21/3 940/21/3 931/21/3
f 173/21/3 175/21/3 900/21/3 897/21/3
f 83/21/3 86/21/3 799/21/3 770/21/3
f 122/21/3 121/21/3 931/21/3 905/21/3
f 85/21/3 84/21/3 773/21/3 800/21/3
f 123/21/3 122/21/3 905/21/3 874/21/3
f 176/21/3 174/21/3 899/21/3 902/21/3
f 210/21/3 208/21/3 762/21/3 761/21/3
f 175/21/3 177/21/3 903/21/3 900/21/3
f 124/21/3 123/21/3 874/21/3 869/21/3
f 205/21/3 143/21/3 764/21/3 763/21/3
f 125/21/3 124/21/3 869/21/3 862/21/3
f 178/21/3 176/21/3 902/21/3 906/21/3
f 126/21/3 125/21/3 862/21/3 847/21/3
f 208/21/3 205/21/3 763/21/3 762/21/3
f 177/21/3 152/21/3 875/21/3 903/21/3
f 127/21/3 126/21/3 847/21/3 844/21/3
f 151/21/3 178/21/3 906/21/3 876/21/3
f 128/21/3 127/21/3 844/21/3 829/21/3
f 114/21/3 83/21/3 770/21/3 769/21/3
f 1204/210/1 1219/211/1 1218/212/1 1217/213/1 1216/214/1 1215/215/1 1214/216/1 1213/217/1 1212/218/1 1211/219/1 1210/220/1 1209/221/1 1208/222/1 1207/223/1 1206/224/1 1205/225/1
f 1252/132/363 1254/133/363 1255/192/363 1256/194/363 1257/196/363 1258/198/363 1259/200/363 1260/202/363 1261/131/363 1262/72/363 1263/71/363 1264/129/363 1265/128/363 1266/127/363 1267/125/363 1253/126/363
f 1277/210/106 1276/225/106 1272/224/106 1269/223/106 1250/222/106 1248/221/106 1246/220/106 1244/219/106 1242/218/106 1240/217/106 1238/216/106 1237/215/106 1235/214/106 1233/213/106 1231/212/106 1230/211/106
f 1331/61/366 1329/59/366 1328/60/366 1330/62/366
f 1333/63/217 1331/61/217 1330/62/217 1332/64/217
f 1335/65/367 1333/63/367 1332/64/367 1334/66/367
f 1337/67/368 1335/65/368 1334/66/368 1336/68/368
f 1300/68/371 1363/66/371 1364/43/371 1292/44/371
f 1363/66/372 1365/64/372 1366/69/372 1364/43/372
f 1351/96/373 1352/75/373 1388/70/373 1389/38/373
f 1352/75/374 1353/105/374 1390/97/374 1388/70/374
f 1312/9/377 1348/33/377 1418/112/377 1285/10/377
f 1285/10/378 1418/112/378 1417/113/378 1306/11/378
f 1445/132/381 1446/126/381 1456/125/381 1455/127/381 1454/128/381 1453/129/381 1452/71/381 1451/72/381 1450/131/381 1449/202/381 1448/200/381 1234/198/381 1232/196/381 1229/194/381 1223/192/381 1447/133/381
f 1344/129/382 1343/71/382 1452/71/382 1453/129/382
f 1422/40/106 1462/28/106 1411/28/106 1409/40/106
f 1402/24/106 1403/22/106 1465/22/106 1426/24/106
f 1227/40/106 1236/28/106 1462/28/106 1422/40/106
f 1327/146/389 1463/149/389 1457/148/389 1326/147/389
f 1317/150/390 1327/146/390 1326/147/390 1316/151/390
f 1310/152/391 1317/150/391 1316/151/391 1309/153/391
f 1295/154/392 1310/152/392 1309/153/392 1288/155/392
f 1282/156/393 1295/154/393 1288/155/393 1280/157/393
f 1278/54/394 1282/156/394 1280/157/394 1220/53/394
f 1468/158/395 1474/67/395 1475/68/395 1466/159/395
f 1463/149/396 1468/161/396 1466/160/396 1457/148/396
f 1324/148/403 1325/160/403 1314/179/403 1315/178/403
f 1439/147/404 1324/148/404 1315/178/404 1437/180/404
f 1325/159/405 1301/68/405 1293/44/405 1314/181/405
f 1473/155/406 1469/153/406 1464/184/406 1472/183/406
f 1469/153/407 1458/151/407 1442/185/407 1464/184/407
f 1458/151/408 1439/147/408 1437/180/408 1442/185/408
f 1511/186/409 1502/174/409 1501/27/409 1512/23/409
f 1502/174/387 1500/167/387 1499/7/387 1501/27/387
f 1498/168/410 1518/163/410 1520/122/410 1497/8/410
f 1503/177/411 1420/96/411 1393/38/411 1519/37/411
f 1500/167/412 1498/168/412 1497/8/412 1499/7/412
f 1518/163/413 1503/164/413 1519/123/413 1520/122/413
f 1486/143/86 1471/119/86 1346/118/86 1485/144/86
f 1488/142/418 1405/120/418 1471/119/418 1486/143/418
f 1489/141/419 1339/25/419 1405/120/419 1488/142/419
f 1490/130/387 1425/24/387 1339/25/387 1489/141/387
f 1485/145/420 1346/32/420 1349/33/420 1436/9/420
f 1487/107/421 1424/22/421 1425/24/421 1490/130/421
f 1443/126/428 1444/132/428 1387/189/428 1391/188/428
f 1460/133/347 1496/192/347 1385/191/347 1386/190/347
f 1435/71/429 1433/129/429 1354/206/429 1355/205/429
f 1432/128/430 1431/127/430 1342/208/430 1350/207/430
f 1430/125/431 1443/126/431 1391/188/431 1340/209/431
f 1496/192/432 1460/133/432 1461/133/432 1222/192/432
usemtl Lata
f 139/34/3 440/34/3 516/35/3 137/35/3
f 200/43/3 515/43/3 442/44/3 202/44/3
f 202/44/3 442/44/3 441/47/3 316/47/3
f 137/35/3 516/35/3 514/49/3 135/49/3
f 198/69/3 513/69/3 515/43/3 200/43/3
f 316/47/24 201/74/24 199/75/24 315/76/24
f 314/77/25 197/78/25 195/79/25 313/80/25
f 312/81/26 132/82/26 134/83/26 311/84/26
f 310/85/27 136/86/27 138/87/27 309/88/27
f 135/49/3 514/49/3 512/89/3 133/89/3
f 196/91/3 510/91/3 513/69/3 198/69/3
f 315/76/28 199/75/28 197/78/28 314/77/28
f 313/80/29 195/79/29 132/82/29 312/81/29
f 311/84/30 134/83/30 136/86/30 310/85/30
f 309/88/31 138/87/31 140/92/31 308/93/31
f 133/89/3 512/89/3 511/95/3 131/95/3
f 131/95/3 511/95/3 510/91/3 196/91/3
f 308/93/3 439/93/3 440/34/3 139/34/3
f 137/35/88 309/88/88 308/93/88 139/34/88
f 133/89/89 311/84/89 310/85/89 135/49/89
f 196/91/90 313/80/90 312/81/90 131/95/90
f 200/43/91 315/76/91 314/77/91 198/69/91
f 316/47/3 441/47/3 509/74/3 201/74/3
f 135/49/92 310/85/92 309/88/92 137/35/92
f 131/95/93 312/81/93 311/84/93 133/89/93
f 198/69/94 314/77/94 313/80/94 196/91/94
f 202/44/95 316/47/95 315/76/95 200/43/95
f 140/92/3 508/92/3 439/93/3 308/93/3
f 505/162/142 447/163/142 504/164/142 443/165/142
f 445/166/143 449/167/143 448/168/143 507/169/143
f 439/93/144 508/92/144 506/170/144 437/171/144
f 520/172/145 503/173/145 450/174/145 517/175/145
f 517/175/146 450/174/146 449/167/146 445/166/146
f 507/169/147 448/168/147 447/163/147 505/162/147
f 443/176/148 504/177/148 509/74/148 441/47/148
f 437/171/149 506/170/149 503/173/149 520/172/149
f 438/182/194 437/171/194 520/172/194 502/187/194
f 444/181/195 443/176/195 441/47/195 442/44/195
f 518/180/196 507/169/196 505/162/196 519/178/196
f 451/184/197 517/175/197 445/166/197 446/185/197
f 502/187/198 520/172/198 517/175/198 451/184/198
f 440/34/199 439/93/199 437/171/199 438/182/199
f 446/185/200 445/166/200 507/169/200 518/180/200
f 519/178/201 505/162/201 443/165/201 444/179/201
f 451/184/202 446/185/202 518/180/202 519/178/202 444/181/202 442/44/202 515/43/202 513/69/202 510/91/202 511/95/202 512/89/202 514/49/202 516/35/202 440/34/202 438/182/202 502/187/202
f 741/34/3 743/35/3 860/35/3 951/34/3
f 754/43/3 756/44/3 857/44/3 865/43/3
f 756/44/3 755/47/3 1050/47/3 857/44/3
f 743/35/3 745/49/3 872/49/3 860/35/3
f 753/69/3 754/43/3 865/43/3 898/69/3
f 752/77/259 750/80/259 855/79/259 853/78/259
f 748/81/260 746/84/260 854/83/260 856/82/260
f 744/85/261 742/88/261 850/87/261 852/86/261
f 745/49/3 747/89/3 909/89/3 872/49/3
f 751/91/3 753/69/3 898/69/3 935/91/3
f 750/80/262 748/81/262 856/82/262 855/79/262
f 746/84/263 744/85/263 852/86/263 854/83/263
f 742/88/264 740/93/264 848/92/264 850/87/264
f 747/89/3 749/95/3 934/95/3 909/89/3
f 749/95/3 751/91/3 935/91/3 934/95/3
f 740/93/3 741/34/3 951/34/3 1067/93/3
f 743/35/299 741/34/299 740/93/299 742/88/299
f 747/89/300 745/49/300 744/85/300 746/84/300
f 751/91/301 749/95/301 748/81/301 750/80/301
f 755/47/3 849/74/3 1051/74/3 1050/47/3
f 745/49/302 743/35/302 742/88/302 744/85/302
f 749/95/303 747/89/303 746/84/303 748/81/303
f 753/69/304 751/91/304 750/80/304 752/77/304
f 848/92/3 740/93/3 1067/93/3 1066/92/3
f 1067/93/327 1163/171/327 970/170/327 1066/92/327
f 1163/171/328 1184/172/328 985/173/328 970/170/328
f 1164/182/344 1181/187/344 1184/172/344 1163/171/344
f 951/34/345 1164/182/345 1163/171/345 1067/93/345
f 1167/184/346 1181/187/346 1164/182/346 951/34/346 860/35/346 872/49/346 909/89/346 934/95/346 935/91/346 898/69/346 865/43/346 857/44/346 1165/181/346 1183/178/346 1182/180/346 1166/185/346
f 140/92/3 138/87/3 850/87/3 848/92/3
f 199/75/3 201/74/3 849/74/3 851/75/3
f 138/87/3 136/86/3 852/86/3 850/87/3
f 197/78/3 199/75/3 851/75/3 853/78/3
f 136/86/3 134/83/3 854/83/3 852/86/3
f 195/79/3 197/78/3 853/78/3 855/79/3
f 134/83/3 132/82/3 856/82/3 854/83/3
f 132/82/3 195/79/3 855/79/3 856/82/3
f 1322/47/369 1320/76/369 1357/75/369 1356/74/369
f 1320/76/370 1318/77/370 1358/78/370 1357/75/370
f 1321/43/379 1319/69/379 1318/77/379 1320/76/379
f 1323/44/380 1321/43/380 1320/76/380 1322/47/380
f 1505/162/397 1491/165/397 1396/164/397 1397/163/397
f 1493/166/398 1506/169/398 1345/168/398 1341/167/398
f 1510/172/399 1507/175/399 1398/174/399 1399/173/399
f 1507/175/400 1493/166/400 1341/167/400 1398/174/400
f 1506/169/401 1505/162/401 1397/163/401 1345/168/401
f 1491/176/402 1428/47/402 1429/74/402 1396/177/402
f 1492/181/422 1359/44/422 1428/47/422 1491/176/422
f 1508/180/423 1509/178/423 1505/162/423 1506/169/423
f 1495/184/424 1494/185/424 1493/166/424 1507/175/424
f 1504/187/425 1495/184/425 1507/175/425 1510/172/425
f 1494/185/426 1508/180/426 1506/169/426 1493/166/426
f 1509/178/427 1492/179/427 1491/165/427 1505/162/427
usemtl Goma
f 65/1/1 81/1/1 79/2/1 63/2/1
f 46/3/2 23/3/2 21/4/2 48/4/2
f 39/5/1 30/5/1 32/6/1 37/6/1
f 31/9/4 32/6/4 30/5/4 29/10/4
f 27/11/5 28/12/5 26/13/5 25/14/5
f 23/3/6 24/15/6 22/16/6 21/4/6
f 19/17/7 20/18/7 67/19/7 68/20/7
f 242/22/8 366/22/8 363/23/8 239/23/8
f 288/24/3 588/24/3 603/25/3 264/25/3
f 45/15/1 24/15/1 26/13/1 43/13/1
f 44/14/2 25/14/2 23/3/2 46/3/2
f 37/6/1 32/6/1 33/26/1 36/26/1
f 47/16/1 22/16/1 24/15/1 45/15/1
f 57/28/1 73/28/1 71/29/1 55/29/1
f 29/10/9 30/5/9 28/12/9 27/11/9
f 25/14/10 26/13/10 24/15/10 23/3/10
f 21/4/11 22/16/11 20/18/11 19/17/11
f 68/20/12 67/19/12 69/30/12 70/31/12
f 265/32/3 601/32/3 600/33/3 267/33/3
f 63/2/1 79/2/1 77/36/1 61/36/1
f 55/29/1 71/29/1 69/30/1 53/30/1
f 49/18/1 20/18/1 22/16/1 47/16/1
f 36/39/1 33/39/1 81/1/1 65/1/1
f 48/4/2 21/4/2 19/17/2 50/17/2
f 41/12/1 28/12/1 30/5/1 39/5/1
f 59/40/1 75/40/1 73/28/1 57/28/1
f 40/10/13 29/10/13 27/11/13 42/11/13
f 51/19/1 67/19/1 20/18/1 49/18/1
f 50/17/14 19/17/14 68/20/14 52/20/14
f 43/13/1 26/13/1 28/12/1 41/12/1
f 61/36/1 77/36/1 75/40/1 59/40/1
f 42/11/2 27/11/2 25/14/2 44/14/2
f 53/30/1 69/30/1 67/19/1 51/19/1
f 33/39/3 407/39/3 423/1/3 81/1/3
f 81/1/3 423/1/3 419/2/3 79/2/3
f 79/2/3 419/2/3 417/36/3 77/36/3
f 219/99/3 583/99/3 597/99/3 280/99/3
f 77/36/3 417/36/3 415/40/3 75/40/3
f 73/28/3 413/28/3 411/29/3 71/29/3
f 71/29/3 411/29/3 409/30/3 69/30/3
f 239/23/3 578/23/3 585/23/3 290/23/3
f 371/23/3 644/23/3 637/23/3 363/23/3
f 267/33/53 297/33/53 299/32/53 265/32/53
f 277/109/54 217/109/54 213/110/54 275/110/54
f 276/103/55 211/103/55 215/104/55 278/104/55
f 289/22/56 242/22/56 234/111/56 285/111/56
f 374/22/3 647/22/3 644/23/3 371/23/3
f 298/38/57 297/33/57 295/112/57 296/70/57
f 294/97/58 293/113/58 291/114/58 292/106/58
f 211/103/59 213/110/59 217/109/59 215/104/59
f 219/99/60 221/115/60 225/116/60 223/101/60
f 272/97/61 294/97/61 292/106/61 274/106/61
f 264/25/62 302/25/62 236/24/62 288/24/62
f 283/117/63 229/117/63 225/116/63 281/116/63
f 275/110/64 213/110/64 291/114/64 273/114/64
f 274/106/65 292/106/65 211/103/65 276/103/65
f 285/111/66 234/111/66 229/117/66 283/117/66
f 265/118/67 299/118/67 306/119/67 260/119/67
f 269/112/68 295/112/68 297/33/68 267/33/68
f 296/70/69 295/112/69 293/113/69 294/97/69
f 292/106/70 291/114/70 213/110/70 211/103/70
f 215/104/71 217/109/71 221/115/71 219/99/71
f 223/101/72 225/116/72 229/117/72 227/45/72
f 262/120/3 595/120/3 576/120/3 304/120/3
f 286/121/73 231/121/73 239/23/73 290/23/73
f 279/115/74 221/115/74 217/109/74 277/109/74
f 278/104/75 215/104/75 219/99/75 280/99/75
f 271/113/76 293/113/76 295/112/76 269/112/76
f 288/24/1 236/24/1 242/22/1 289/22/1
f 367/28/3 640/28/3 641/107/3 368/107/3
f 262/120/77 304/120/77 302/25/77 264/25/77
f 281/116/78 225/116/78 221/115/78 279/115/78
f 272/97/3 592/97/3 582/97/3 294/97/3
f 273/114/79 291/114/79 293/113/79 271/113/79
f 74/107/3 414/107/3 413/28/3 73/28/3
f 299/118/3 548/118/3 554/119/3 306/119/3
f 285/111/3 591/111/3 589/22/3 289/22/3
f 360/107/3 636/107/3 414/107/3 74/107/3
f 289/22/3 589/22/3 588/24/3 288/24/3
f 69/30/3 409/30/3 410/31/3 70/31/3
f 363/23/3 637/23/3 578/23/3 239/23/3
f 298/38/3 547/38/3 546/33/3 297/33/3
f 239/23/3 578/23/3 580/22/3 242/22/3
f 229/117/3 542/117/3 543/45/3 227/45/3
f 231/121/3 540/121/3 578/23/3 239/23/3
f 31/9/3 408/9/3 406/6/3 32/6/3
f 32/6/3 406/6/3 407/26/3 33/26/3
f 227/45/3 543/45/3 584/101/3 223/101/3
f 359/28/104 367/28/104 368/107/104 360/107/104
f 296/70/3 581/70/3 547/38/3 298/38/3
f 73/28/104 359/28/104 360/107/104 74/107/104
f 366/22/105 374/22/105 371/23/105 363/23/105
f 223/101/3 584/101/3 583/99/3 219/99/3
f 294/97/3 582/97/3 581/70/3 296/70/3
f 286/121/3 594/121/3 540/121/3 231/121/3
f 306/119/3 554/119/3 605/119/3 260/119/3
f 234/111/3 539/111/3 542/117/3 229/117/3
f 297/33/3 546/33/3 548/32/3 299/32/3
f 242/22/3 580/22/3 539/111/3 234/111/3
f 302/25/3 577/25/3 579/24/3 236/24/3
f 436/9/13 408/9/13 425/10/13 428/10/13
f 410/31/125 409/30/125 411/29/125 412/124/125
f 418/141/126 417/36/126 419/2/126 420/142/126
f 421/143/127 423/1/127 407/39/127 422/144/127
f 435/31/106 410/31/106 412/124/106 434/124/106
f 426/145/13 422/145/13 408/9/13 436/9/13
f 430/142/13 420/142/13 421/143/13 427/143/13
f 422/145/128 407/26/128 406/6/128 408/9/128
f 412/124/129 411/29/129 413/28/129 414/107/129
f 416/130/130 415/40/130 417/36/130 418/141/130
f 420/142/131 419/2/131 423/1/131 421/143/131
f 433/20/132 424/20/132 410/31/132 435/31/132
f 431/141/2 418/141/2 420/142/2 430/142/2
f 434/124/133 412/124/133 414/107/133 429/107/133
f 427/143/13 421/143/13 422/144/13 426/144/13
f 429/107/106 414/107/106 416/130/106 432/130/106
f 432/130/13 416/130/13 418/141/13 431/141/13
f 586/27/2 550/27/2 551/7/2 602/7/2
f 599/37/173 549/37/173 547/38/173 598/38/173
f 552/8/174 576/120/174 554/119/174 553/122/174
f 550/27/130 579/24/130 577/25/130 551/7/130
f 543/45/175 542/117/175 539/111/175 540/121/175
f 578/23/13 637/23/13 638/27/13 550/27/13
f 596/101/176 584/101/176 543/45/176 593/45/176
f 593/45/172 543/45/172 540/121/172 594/121/172
f 553/122/177 554/119/177 548/118/177 549/123/177
f 551/7/178 577/25/178 576/120/178 552/8/178
f 549/37/179 548/32/179 546/33/179 547/38/179
f 540/121/180 539/111/180 580/22/180 578/23/180
f 587/122/181 553/122/181 549/123/181 599/123/181
f 598/38/182 547/38/182 581/70/182 590/70/182
f 605/119/183 554/119/183 576/120/183 595/120/183
f 604/8/184 552/8/184 553/122/184 587/122/184
f 590/70/185 581/70/185 582/97/185 592/97/185
f 585/23/13 578/23/13 550/27/13 586/27/13
f 597/99/186 583/99/186 584/101/186 596/101/186
f 602/7/164 551/7/164 552/8/164 604/8/164
f 492/164/193 493/96/193 494/75/193 495/105/193 496/79/193 497/102/193 498/83/193 499/100/193 500/87/193 501/46/193 541/170/193 544/186/193 491/174/193 489/167/193 487/168/193 557/163/193
f 550/27/225 638/27/225 639/24/225 579/24/225
f 416/130/226 635/130/226 634/40/226 415/40/226
f 414/107/106 636/107/106 635/130/106 416/130/106
f 641/107/227 640/28/227 642/40/227 643/130/227
f 644/23/228 647/22/228 646/24/228 645/27/228
f 635/130/226 643/130/226 642/40/226 634/40/226
f 638/27/226 645/27/226 646/24/226 639/24/226
f 637/23/13 644/23/13 645/27/13 638/27/13
f 70/31/3 410/31/3 424/20/3 68/20/3
f 264/25/3 603/25/3 595/120/3 262/120/3
f 260/119/3 605/119/3 601/118/3 265/118/3
f 29/10/3 425/10/3 408/9/3 31/9/3
f 40/10/3 428/10/3 425/10/3 29/10/3
f 68/20/3 424/20/3 433/20/3 52/20/3
f 304/120/3 576/120/3 577/25/3 302/25/3
f 718/3/62 715/4/62 319/4/62 322/3/62
f 331/11/227 328/14/227 329/13/227 364/12/227
f 322/3/247 319/4/247 320/16/247 326/15/247
f 307/17/248 301/20/248 303/19/248 317/18/248
f 993/22/249 1001/23/249 1053/23/249 1108/22/249
f 1017/24/3 807/25/3 808/25/3 1043/24/3
f 717/14/62 718/3/62 322/3/62 328/14/62
f 716/16/106 719/15/106 326/15/106 320/16/106
f 328/14/250 322/3/250 326/15/250 329/13/250
f 319/4/251 307/17/251 317/18/251 320/16/251
f 301/20/252 257/31/252 258/30/252 303/19/252
f 825/32/3 826/33/3 827/33/3 824/32/3
f 686/39/106 687/1/106 72/1/106 386/39/106
f 715/4/62 697/17/62 307/17/62 319/4/62
f 685/10/253 714/11/253 331/11/253 383/10/253
f 697/17/56 701/20/56 301/20/56 307/17/56
f 696/36/106 700/40/106 80/40/106 78/36/106
f 714/11/62 717/14/62 328/14/62 331/11/62
f 712/30/106 713/19/106 303/19/106 258/30/106
f 386/39/3 72/1/3 901/1/3 1075/39/3
f 72/1/3 76/2/3 918/2/3 901/1/3
f 76/2/3 78/36/3 936/36/3 918/2/3
f 917/99/3 981/99/3 980/99/3 1110/99/3
f 78/36/3 80/40/3 1039/40/3 936/36/3
f 207/28/3 82/29/3 953/29/3 1031/28/3
f 82/29/3 258/30/3 1044/30/3 953/29/3
f 1001/23/3 1014/23/3 1048/23/3 1070/23/3
f 973/23/3 1053/23/3 1052/23/3 974/23/3
f 1026/109/282 1028/110/282 921/110/282 919/109/282
f 1027/103/283 1025/104/283 920/104/283 922/103/283
f 972/22/3 973/23/3 974/23/3 971/22/3
f 926/97/284 924/106/284 923/114/284 925/113/284
f 922/103/285 920/104/285 919/109/285 921/110/285
f 917/99/286 915/101/286 914/116/286 916/115/286
f 1019/97/79 1029/106/79 924/106/79 926/97/79
f 1022/117/176 1023/116/176 914/116/176 910/117/176
f 1028/110/65 1030/114/65 923/114/65 921/110/65
f 1029/106/64 1027/103/64 922/103/64 924/106/64
f 1021/111/172 1022/117/172 910/117/172 994/111/172
f 924/106/287 922/103/287 921/110/287 923/114/287
f 920/104/288 917/99/288 916/115/288 919/109/288
f 915/101/289 911/45/289 910/117/289 914/116/289
f 999/120/3 989/120/3 1002/120/3 998/120/3
f 1020/121/290 1014/23/290 1001/23/290 1000/121/290
f 1024/115/291 1026/109/291 919/109/291 916/115/291
f 1025/104/292 981/99/292 917/99/292 920/104/292
f 1010/28/3 1011/107/3 1012/107/3 1009/28/3
f 1023/116/293 1024/115/293 916/115/293 914/116/293
f 1019/97/3 926/97/3 1116/97/3 1018/97/3
f 206/107/3 207/28/3 1031/28/3 1034/107/3
f 937/118/3 938/119/3 1123/119/3 1144/118/3
f 1021/111/3 1013/22/3 1042/22/3 1140/111/3
f 1060/107/3 206/107/3 1034/107/3 1061/107/3
f 1013/22/3 1017/24/3 1043/24/3 1042/22/3
f 258/30/3 257/31/3 1045/31/3 1044/30/3
f 1053/23/3 1001/23/3 1070/23/3 1052/23/3
f 929/38/3 928/33/3 1143/33/3 1102/38/3
f 1001/23/3 993/22/3 1145/22/3 1070/23/3
f 910/117/3 911/45/3 1083/45/3 1141/117/3
f 1000/121/3 1001/23/3 1070/23/3 1120/121/3
f 385/9/3 387/6/3 1074/6/3 1072/9/3
f 387/6/3 386/26/3 1075/26/3 1074/6/3
f 911/45/3 915/101/3 1109/101/3 1083/45/3
f 1105/28/226 1060/107/226 1011/107/226 1010/28/226
f 927/70/3 929/38/3 1102/38/3 1117/70/3
f 207/28/226 206/107/226 1060/107/226 1105/28/226
f 1108/22/312 1053/23/312 973/23/312 972/22/312
f 915/101/3 917/99/3 1110/99/3 1109/101/3
f 926/97/3 927/70/3 1117/70/3 1116/97/3
f 1020/121/3 1000/121/3 1120/121/3 1118/121/3
f 938/119/3 1037/119/3 1124/119/3 1123/119/3
f 994/111/3 910/117/3 1141/117/3 1146/111/3
f 928/33/3 937/32/3 1144/32/3 1143/33/3
f 993/22/3 994/111/3 1146/111/3 1145/22/3
f 990/25/3 992/24/3 1148/24/3 1147/25/3
f 1068/9/253 1069/10/253 727/10/253 1072/9/253
f 1045/31/323 1151/124/323 953/29/323 1044/30/323
f 1149/31/1 1150/124/1 1151/124/1 1045/31/1
f 1157/145/253 1068/9/253 1072/9/253 1156/145/253
f 1160/142/253 1158/143/253 1155/143/253 1154/142/253
f 1151/124/324 1034/107/324 1031/28/324 953/29/324
f 1142/20/325 1149/31/325 1045/31/325 804/20/325
f 1161/141/62 1160/142/62 1154/142/62 1153/141/62
f 1150/124/326 1159/107/326 1034/107/326 1151/124/326
f 1158/143/253 1157/144/253 1156/144/253 1155/143/253
f 1159/107/1 1162/130/1 1152/130/1 1034/107/1
f 1162/130/253 1161/141/253 1153/141/253 1152/130/253
f 1049/27/62 813/7/62 1190/7/62 1189/27/62
f 839/37/53 866/38/53 1102/38/53 1188/37/53
f 1083/45/339 1120/121/339 1146/111/339 1141/117/339
f 1070/23/253 1189/27/253 1200/27/253 1052/23/253
f 995/101/63 1007/45/63 1083/45/63 1109/101/63
f 1007/45/66 1118/121/66 1120/121/66 1083/45/66
f 1120/121/340 1070/23/340 1145/22/340 1146/111/340
f 775/122/67 839/123/67 1188/123/67 1192/122/67
f 866/38/68 912/70/68 1117/70/68 1102/38/68
f 806/8/183 775/122/183 1192/122/183 1191/8/183
f 912/70/76 1018/97/76 1116/97/76 1117/70/76
f 1048/23/253 1049/27/253 1189/27/253 1070/23/253
f 980/99/341 995/101/341 1109/101/341 1110/99/341
f 813/7/77 806/8/77 1191/8/77 1190/7/77
f 1180/164/343 1194/163/343 1175/168/343 1177/167/343 1179/174/343 1186/186/343 1185/170/343 991/46/343 997/87/343 1005/100/343 1006/83/343 1016/102/343 1033/79/343 1035/105/343 1036/75/343 1038/96/343
f 1034/107/1 1152/130/1 1058/130/1 1061/107/1
f 1052/23/253 1200/27/253 1201/27/253 974/23/253
f 257/31/3 301/20/3 804/20/3 1045/31/3
f 807/25/3 999/120/3 998/120/3 808/25/3
f 1037/119/3 825/118/3 824/118/3 1124/119/3
f 383/10/3 385/9/3 1072/9/3 727/10/3
f 685/10/3 383/10/3 727/10/3 1069/10/3
f 301/20/3 701/20/3 1142/20/3 804/20/3
f 989/120/3 990/25/3 1147/25/3 1002/120/3
f 1287/1/106 1290/2/106 1225/2/106 1224/1/106
f 1311/5/106 1313/6/106 1275/6/106 1271/5/106
f 1273/9/364 1270/10/364 1271/5/364 1275/6/364
f 1308/15/106 1299/13/106 1249/13/106 1247/15/106
f 1313/6/106 1286/26/106 1274/26/106 1275/6/106
f 1298/28/106 1302/29/106 1228/29/106 1236/28/106
f 1270/10/365 1251/11/365 1268/12/365 1271/5/365
f 1290/2/106 1294/36/106 1226/36/106 1225/2/106
f 1302/29/106 1304/30/106 1239/30/106 1228/29/106
f 1291/18/106 1307/16/106 1245/16/106 1243/18/106
f 1303/12/106 1311/5/106 1271/5/106 1268/12/106
f 1296/40/106 1298/28/106 1236/28/106 1227/40/106
f 1305/19/106 1291/18/106 1243/18/106 1241/19/106
f 1299/13/106 1303/12/106 1268/12/106 1249/13/106
f 1348/33/173 1347/32/173 1380/32/173 1376/33/173
f 1413/22/14 1415/111/14 1404/111/14 1403/22/14
f 1377/38/375 1375/70/375 1374/112/375 1376/33/375
f 1338/25/2 1414/24/2 1402/24/2 1401/25/2
f 1347/118/181 1419/119/181 1381/119/181 1380/118/181
f 1418/112/182 1348/33/182 1376/33/182 1374/112/182
f 1375/70/376 1373/97/376 1372/113/376 1374/112/376
f 1417/113/185 1418/112/185 1374/112/185 1372/113/185
f 1414/24/106 1413/22/106 1403/22/106 1402/24/106
f 1406/120/164 1338/25/164 1401/25/164 1400/120/164
f 1416/114/61 1417/113/61 1372/113/61 1371/114/61
f 1481/141/384 1482/142/384 1370/2/384 1379/36/384
f 1483/143/385 1484/144/385 1441/39/385 1368/1/385
f 1484/145/386 1438/9/386 1440/6/386 1441/26/386
f 1480/130/387 1481/141/387 1379/36/387 1421/40/387
f 1482/142/388 1483/143/388 1368/1/388 1370/2/388
f 1516/8/414 1517/122/414 1470/119/414 1407/120/414
f 1514/27/387 1515/7/387 1478/25/387 1479/24/387
f 1517/122/415 1513/123/415 1477/118/415 1470/119/415
f 1515/7/416 1516/8/416 1407/120/416 1478/25/416
f 1513/37/417 1459/38/417 1476/33/417 1477/32/417
f 1471/119/184 1405/120/184 1407/120/184 1470/119/184
f 1514/27/433 1479/24/433 1427/24/433 1521/27/433
f 1480/130/104 1421/40/104 1423/40/104 1434/130/104
f 1412/107/5 1522/130/5 1408/40/5 1410/28/5
f 1395/23/434 1523/27/434 1524/24/434 1394/22/434
f 1434/130/104 1423/40/104 1408/40/104 1522/130/104
f 1521/27/104 1427/24/104 1524/24/104 1523/27/104
usemtl Cuero
f 382/41/3 648/41/3 657/42/3 381/42/3
f 381/42/3 657/42/3 656/48/3 380/48/3
f 380/48/3 656/48/3 655/50/3 379/50/3
f 379/50/3 655/50/3 654/73/3 378/73/3
f 378/73/3 654/73/3 653/90/3 377/90/3
f 377/90/3 653/90/3 652/94/3 376/94/3
f 376/94/3 652/94/3 651/98/3 375/98/3
f 375/98/3 651/98/3 641/107/3 368/107/3
f 365/24/3 639/24/3 650/108/3 405/108/3
f 374/22/3 647/22/3 648/41/3 382/41/3
f 405/108/107 365/24/107 366/22/107 397/41/107
f 390/98/108 375/98/108 368/107/108 360/107/108
f 366/22/109 374/22/109 382/41/109 397/41/109
f 397/41/110 382/41/110 381/42/110 396/42/110
f 396/42/111 381/42/111 380/48/111 395/48/111
f 395/48/112 380/48/112 379/50/112 394/50/112
f 394/50/113 379/50/113 378/73/113 393/73/113
f 393/73/114 378/73/114 377/90/114 392/90/114
f 392/90/115 377/90/115 376/94/115 391/94/115
f 391/94/116 376/94/116 375/98/116 390/98/116
f 362/130/117 398/134/117 390/98/117 360/107/117
f 398/134/118 399/135/118 391/94/118 390/98/118
f 399/135/119 400/136/119 392/90/119 391/94/119
f 400/136/120 401/137/120 393/73/120 392/90/120
f 401/137/121 402/138/121 394/50/121 393/73/121
f 402/138/122 403/139/122 395/48/122 394/50/122
f 403/139/123 404/140/123 396/42/123 395/48/123
f 404/140/124 405/108/124 397/41/124 396/42/124
f 648/41/229 647/22/229 646/24/229 649/108/229
f 649/21/230 650/21/230 639/21/230 646/21/230
f 643/21/231 635/21/231 665/21/231 658/21/231
f 658/21/232 665/21/232 666/21/232 659/21/232
f 659/21/233 666/21/233 667/21/233 660/21/233
f 660/21/234 667/21/234 668/21/234 661/21/234
f 661/21/235 668/21/235 669/21/235 662/21/235
f 662/21/236 669/21/236 670/21/236 663/21/236
f 663/21/237 670/21/237 671/21/237 664/21/237
f 664/21/238 671/21/238 650/21/238 649/21/238
f 641/107/239 651/98/239 658/134/239 643/130/239
f 651/98/240 652/94/240 659/135/240 658/134/240
f 652/94/241 653/90/241 660/136/241 659/135/241
f 653/90/242 654/73/242 661/137/242 660/136/242
f 654/73/243 655/50/243 662/138/243 661/137/243
f 655/50/244 656/48/244 663/139/244 662/138/244
f 656/48/245 657/42/245 664/140/245 663/139/245
f 657/42/246 648/41/246 649/108/246 664/140/246
f 398/134/3 665/134/3 635/130/3 362/130/3
f 399/135/3 666/135/3 665/134/3 398/134/3
f 400/136/3 667/136/3 666/135/3 399/135/3
f 401/137/3 668/137/3 667/136/3 400/136/3
f 402/138/3 669/138/3 668/137/3 401/137/3
f 403/139/3 670/139/3 669/138/3 402/138/3
f 404/140/3 671/140/3 670/139/3 403/139/3
f 405/108/3 650/108/3 671/140/3 404/140/3
f 966/41/3 859/42/3 858/42/3 967/41/3
f 859/42/3 864/48/3 863/48/3 858/42/3
f 864/48/3 871/50/3 870/50/3 863/48/3
f 871/50/3 895/73/3 894/73/3 870/50/3
f 895/73/3 908/90/3 907/90/3 894/73/3
f 908/90/3 933/94/3 932/94/3 907/90/3
f 933/94/3 942/98/3 941/98/3 932/94/3
f 942/98/3 1011/107/3 1012/107/3 941/98/3
f 1046/24/3 945/108/3 946/108/3 1047/24/3
f 972/22/3 966/41/3 967/41/3 971/22/3
f 1128/98/313 1060/107/313 1011/107/313 942/98/313
f 1108/22/314 1119/41/314 966/41/314 972/22/314
f 1119/41/315 1134/42/315 859/42/315 966/41/315
f 1134/42/316 1133/48/316 864/48/316 859/42/316
f 1133/48/317 1132/50/317 871/50/317 864/48/317
f 1132/50/318 1131/73/318 895/73/318 871/50/318
f 1131/73/319 1130/90/319 908/90/319 895/73/319
f 1130/90/320 1129/94/320 933/94/320 908/90/320
f 1129/94/321 1128/98/321 942/98/321 933/94/321
f 1059/130/239 1060/107/239 1128/98/239 703/134/239
f 703/134/322 1128/98/322 1129/94/322 691/135/322
f 691/135/241 1129/94/241 1130/90/241 684/136/241
f 684/136/242 1130/90/242 1131/73/242 682/137/242
f 682/137/243 1131/73/243 1132/50/243 678/138/243
f 678/138/244 1132/50/244 1133/48/244 674/139/244
f 674/139/245 1133/48/245 1134/42/245 60/140/245
f 60/140/246 1134/42/246 1119/41/246 945/108/246
f 967/41/362 1203/108/362 1202/24/362 971/22/362
f 703/134/3 1059/130/3 1058/130/3 702/134/3
f 691/135/3 703/134/3 702/134/3 690/135/3
f 684/136/3 691/135/3 690/135/3 683/136/3
f 682/137/3 684/136/3 683/136/3 681/137/3
f 678/138/3 682/137/3 681/137/3 677/138/3
f 674/139/3 678/138/3 677/138/3 673/139/3
f 60/140/3 674/139/3 673/139/3 62/140/3
f 945/108/3 60/140/3 62/140/3 946/108/3
f 1383/108/383 1467/41/383 1465/22/383 1426/24/383
f 1525/21/435 1524/21/435 1427/21/435 1384/21/435
f 1522/21/436 1526/21/436 1297/21/436 1434/21/436
f 1526/21/437 1527/21/437 1289/21/437 1297/21/437
f 1527/21/438 1528/21/438 1284/21/438 1289/21/438
f 1528/21/439 1529/21/439 1283/21/439 1284/21/439
f 1529/21/440 1530/21/440 1281/21/440 1283/21/440
f 1530/21/441 1531/21/441 1279/21/441 1281/21/441
f 1531/21/442 1532/21/442 1221/21/442 1279/21/442
f 1532/21/443 1525/21/443 1384/21/443 1221/21/443
f 1412/107/117 1522/130/117 1526/134/117 1382/98/117
f 1382/98/444 1526/134/444 1527/135/444 1378/94/444
f 1378/94/119 1527/135/119 1528/136/119 1369/90/119
f 1369/90/120 1528/136/120 1529/137/120 1367/73/120
f 1367/73/121 1529/137/121 1530/138/121 1362/50/121
f 1362/50/122 1530/138/122 1531/139/122 1361/48/122
f 1361/48/123 1531/139/123 1532/140/123 1360/42/123
f 1360/42/124 1532/140/124 1525/108/124 1392/41/124
